-- phpMyAdmin SQL Dump
-- version 5.2.0
-- https://www.phpmyadmin.net/
--
-- Host: 127.0.0.1
-- Generation Time: Aug 09, 2024 at 09:05 PM
-- Server version: 10.4.24-MariaDB
-- PHP Version: 8.0.19

SET SQL_MODE = "NO_AUTO_VALUE_ON_ZERO";
START TRANSACTION;
SET time_zone = "+00:00";


/*!40101 SET @OLD_CHARACTER_SET_CLIENT=@@CHARACTER_SET_CLIENT */;
/*!40101 SET @OLD_CHARACTER_SET_RESULTS=@@CHARACTER_SET_RESULTS */;
/*!40101 SET @OLD_COLLATION_CONNECTION=@@COLLATION_CONNECTION */;
/*!40101 SET NAMES utf8mb4 */;

--
-- Database: `rms`
--

-- --------------------------------------------------------

--
-- Table structure for table `advances`
--

CREATE TABLE `advances` (
  `id` bigint(20) UNSIGNED NOT NULL,
  `employee_id` bigint(20) UNSIGNED NOT NULL,
  `amount` double(8,2) NOT NULL,
  `month` varchar(255) COLLATE utf8mb4_unicode_ci NOT NULL,
  `year` varchar(255) COLLATE utf8mb4_unicode_ci NOT NULL,
  `created_at` timestamp NULL DEFAULT NULL,
  `updated_at` timestamp NULL DEFAULT NULL
) ENGINE=InnoDB DEFAULT CHARSET=utf8mb4 COLLATE=utf8mb4_unicode_ci;

--
-- Dumping data for table `advances`
--

INSERT INTO `advances` (`id`, `employee_id`, `amount`, `month`, `year`, `created_at`, `updated_at`) VALUES
(11, 2, 2.00, 'Mar', '2021', '2021-03-02 20:25:22', '2021-03-02 20:25:22'),
(14, 1, 2000.00, 'Sep', '2022', '2022-09-01 05:23:06', '2022-09-01 05:23:06'),
(15, 3, 100.00, 'Oct', '2023', '2023-10-15 10:19:19', '2023-12-12 13:57:27'),
(16, 1, 200.00, 'Dec', '2023', '2023-12-27 06:20:39', '2023-12-27 06:20:39');

-- --------------------------------------------------------

--
-- Table structure for table `attendances`
--

CREATE TABLE `attendances` (
  `id` bigint(20) UNSIGNED NOT NULL,
  `employee_id` bigint(20) UNSIGNED NOT NULL,
  `month` varchar(255) COLLATE utf8mb4_unicode_ci NOT NULL,
  `year` varchar(255) COLLATE utf8mb4_unicode_ci NOT NULL,
  `created_at` timestamp NULL DEFAULT NULL,
  `updated_at` timestamp NULL DEFAULT NULL
) ENGINE=InnoDB DEFAULT CHARSET=utf8mb4 COLLATE=utf8mb4_unicode_ci;

--
-- Dumping data for table `attendances`
--

INSERT INTO `attendances` (`id`, `employee_id`, `month`, `year`, `created_at`, `updated_at`) VALUES
(1, 2, 'Mar', '2021', '2021-03-02 18:46:10', '2021-03-02 18:46:10'),
(2, 1, 'Mar', '2021', '2021-03-02 18:46:44', '2021-03-02 18:46:44'),
(3, 2, 'Mar', '2021', '2021-03-02 21:17:04', '2021-03-02 21:17:04'),
(5, 1, 'Mar', '2021', '2021-03-11 18:02:59', '2021-03-11 18:02:59'),
(6, 2, 'Mar', '2021', '2021-03-11 18:03:07', '2021-03-11 18:03:07'),
(7, 1, 'Sep', '2022', '2022-09-01 05:18:57', '2022-09-01 05:18:57'),
(8, 2, 'Dec', '2022', '2022-12-05 15:50:43', '2022-12-05 15:50:43'),
(9, 1, 'Dec', '2023', '2023-12-12 13:59:48', '2023-12-12 13:59:48'),
(10, 2, 'Dec', '2023', '2023-12-12 14:00:28', '2023-12-12 14:00:28'),
(11, 1, 'May', '2024', '2024-05-22 15:05:51', '2024-05-22 15:05:51');

-- --------------------------------------------------------

--
-- Table structure for table `daily_consumptions`
--

CREATE TABLE `daily_consumptions` (
  `id` bigint(20) UNSIGNED NOT NULL,
  `stock_id` bigint(20) UNSIGNED NOT NULL,
  `quantity` double(8,2) NOT NULL,
  `created_at` timestamp NULL DEFAULT NULL,
  `updated_at` timestamp NULL DEFAULT NULL
) ENGINE=InnoDB DEFAULT CHARSET=utf8mb4 COLLATE=utf8mb4_unicode_ci;

--
-- Dumping data for table `daily_consumptions`
--

INSERT INTO `daily_consumptions` (`id`, `stock_id`, `quantity`, `created_at`, `updated_at`) VALUES
(10, 1, 10.00, '2024-05-22 15:03:14', '2024-05-22 15:03:14');

-- --------------------------------------------------------

--
-- Table structure for table `daily_expenses`
--

CREATE TABLE `daily_expenses` (
  `id` bigint(20) UNSIGNED NOT NULL,
  `expense_type_id` bigint(20) UNSIGNED NOT NULL,
  `amount` double(8,2) NOT NULL,
  `user_id` bigint(20) UNSIGNED NOT NULL,
  `created_at` timestamp NULL DEFAULT NULL,
  `updated_at` timestamp NULL DEFAULT NULL,
  `deleted_at` timestamp NULL DEFAULT NULL
) ENGINE=InnoDB DEFAULT CHARSET=utf8mb4 COLLATE=utf8mb4_unicode_ci;

--
-- Dumping data for table `daily_expenses`
--

INSERT INTO `daily_expenses` (`id`, `expense_type_id`, `amount`, `user_id`, `created_at`, `updated_at`, `deleted_at`) VALUES
(1, 1, 4000.00, 4, '2023-12-27 09:51:54', '2023-12-27 09:58:31', NULL),
(2, 1, 100000.00, 4, '2024-05-22 15:04:57', '2024-05-22 15:04:57', NULL);

-- --------------------------------------------------------

--
-- Table structure for table `employees`
--

CREATE TABLE `employees` (
  `id` bigint(20) UNSIGNED NOT NULL,
  `name` varchar(255) COLLATE utf8mb4_unicode_ci NOT NULL,
  `salary` double(8,2) NOT NULL,
  `day_salary` double(8,2) NOT NULL,
  `hire_date` date NOT NULL,
  `created_at` timestamp NULL DEFAULT NULL,
  `updated_at` timestamp NULL DEFAULT NULL
) ENGINE=InnoDB DEFAULT CHARSET=utf8mb4 COLLATE=utf8mb4_unicode_ci;

--
-- Dumping data for table `employees`
--

INSERT INTO `employees` (`id`, `name`, `salary`, `day_salary`, `hire_date`, `created_at`, `updated_at`) VALUES
(1, 'الشيخ عباس', 15000.00, 1000.00, '2020-12-31', '2021-03-02 07:47:00', '2023-12-12 13:52:22'),
(2, 'مدثر سمير', 10000.00, 1000.00, '2021-12-31', '2021-03-02 07:50:38', '2021-03-02 08:00:03'),
(3, 'علي', 45000.00, 1500.00, '2023-10-15', '2023-10-15 10:18:49', '2023-10-15 10:18:49');

-- --------------------------------------------------------

--
-- Table structure for table `expense_changes`
--

CREATE TABLE `expense_changes` (
  `id` bigint(20) UNSIGNED NOT NULL,
  `daily_expense_id` bigint(20) UNSIGNED NOT NULL,
  `expense_type_id` bigint(20) UNSIGNED NOT NULL,
  `amount` double NOT NULL,
  `user_id` bigint(20) UNSIGNED NOT NULL,
  `created_at` timestamp NULL DEFAULT NULL,
  `updated_at` timestamp NULL DEFAULT NULL
) ENGINE=InnoDB DEFAULT CHARSET=utf8mb4 COLLATE=utf8mb4_unicode_ci;

--
-- Dumping data for table `expense_changes`
--

INSERT INTO `expense_changes` (`id`, `daily_expense_id`, `expense_type_id`, `amount`, `user_id`, `created_at`, `updated_at`) VALUES
(3, 1, 1, 2000, 4, '2023-12-27 09:58:31', '2023-12-27 09:58:31');

-- --------------------------------------------------------

--
-- Table structure for table `expense_types`
--

CREATE TABLE `expense_types` (
  `id` bigint(20) UNSIGNED NOT NULL,
  `name` varchar(255) COLLATE utf8mb4_unicode_ci NOT NULL,
  `created_at` timestamp NULL DEFAULT NULL,
  `updated_at` timestamp NULL DEFAULT NULL
) ENGINE=InnoDB DEFAULT CHARSET=utf8mb4 COLLATE=utf8mb4_unicode_ci;

--
-- Dumping data for table `expense_types`
--

INSERT INTO `expense_types` (`id`, `name`, `created_at`, `updated_at`) VALUES
(1, 'YTDDX', '2023-12-27 09:07:09', '2023-12-27 09:07:56');

-- --------------------------------------------------------

--
-- Table structure for table `failed_jobs`
--

CREATE TABLE `failed_jobs` (
  `id` bigint(20) UNSIGNED NOT NULL,
  `connection` text COLLATE utf8mb4_unicode_ci NOT NULL,
  `queue` text COLLATE utf8mb4_unicode_ci NOT NULL,
  `payload` longtext COLLATE utf8mb4_unicode_ci NOT NULL,
  `exception` longtext COLLATE utf8mb4_unicode_ci NOT NULL,
  `failed_at` timestamp NOT NULL DEFAULT current_timestamp()
) ENGINE=InnoDB DEFAULT CHARSET=utf8mb4 COLLATE=utf8mb4_unicode_ci;

-- --------------------------------------------------------

--
-- Table structure for table `ingredients`
--

CREATE TABLE `ingredients` (
  `id` bigint(20) UNSIGNED NOT NULL,
  `ingredient` varchar(255) COLLATE utf8mb4_unicode_ci NOT NULL,
  `created_at` timestamp NULL DEFAULT NULL,
  `updated_at` timestamp NULL DEFAULT NULL
) ENGINE=InnoDB DEFAULT CHARSET=utf8mb4 COLLATE=utf8mb4_unicode_ci;

--
-- Dumping data for table `ingredients`
--

INSERT INTO `ingredients` (`id`, `ingredient`, `created_at`, `updated_at`) VALUES
(1, 'كبدة', '2021-02-28 18:00:52', '2021-02-28 18:00:52'),
(2, 'هوت دوق', '2021-02-28 18:03:10', '2021-02-28 18:03:10'),
(3, 'دجاج', '2021-02-28 18:05:41', '2021-02-28 18:05:41'),
(4, 'اخري', '2021-02-28 18:07:33', '2021-02-28 18:21:01'),
(5, 'لحمة', '2021-12-05 07:54:42', '2021-12-05 07:54:42');

-- --------------------------------------------------------

--
-- Table structure for table `items`
--

CREATE TABLE `items` (
  `id` bigint(20) UNSIGNED NOT NULL,
  `name` varchar(255) COLLATE utf8mb4_unicode_ci NOT NULL,
  `price` double(8,2) NOT NULL,
  `icon` varchar(255) COLLATE utf8mb4_unicode_ci NOT NULL,
  `item_type_id` bigint(20) UNSIGNED NOT NULL,
  `ingredient_id` bigint(20) UNSIGNED NOT NULL,
  `status` tinyint(4) NOT NULL DEFAULT 1,
  `created_at` timestamp NULL DEFAULT NULL,
  `updated_at` timestamp NULL DEFAULT NULL
) ENGINE=InnoDB DEFAULT CHARSET=utf8mb4 COLLATE=utf8mb4_unicode_ci;

--
-- Dumping data for table `items`
--

INSERT INTO `items` (`id`, `name`, `price`, `icon`, `item_type_id`, `ingredient_id`, `status`, `created_at`, `updated_at`) VALUES
(1, 'فراخ كامله مشوي', 100.00, '63222ee000b5a.png', 3, 3, 1, '2022-09-14 17:43:28', '2022-09-14 17:43:28'),
(2, 'بيرقر جامبو', 100.00, '632b768aa8676.png', 1, 5, 1, '2022-09-21 18:39:38', '2022-09-21 18:39:38'),
(3, 'كوكا كولا', 100.00, '632b76aec6a2f.png', 2, 4, 1, '2022-09-21 18:40:14', '2022-09-21 18:40:14'),
(4, 'نص فراخ مشوي', 100.00, '632b76dce7f98.png', 3, 3, 1, '2022-09-21 18:41:00', '2024-05-22 14:55:55'),
(5, 'شاورما جامبو', 100.00, '632b76ffb48ab.png', 1, 5, 1, '2022-09-21 18:41:35', '2022-09-21 18:41:35'),
(6, 'فراولة', 100.00, '632b7717bcb23.png', 2, 4, 1, '2022-09-21 18:41:59', '2022-09-21 18:41:59'),
(7, 'بيرقر عادي', 50.00, '6548ff92096a3.png', 1, 5, 1, '2023-11-06 13:00:34', '2024-02-09 06:48:46'),
(8, 'شاي', 20.00, '6549000d80a5f.png', 4, 4, 1, '2023-11-06 13:02:37', '2023-11-06 13:02:37'),
(9, 'بيرقر علي الفحم', 137.00, '65ad0b81c737c.png', 1, 5, 1, '2023-12-28 12:12:33', '2024-05-22 14:55:55'),
(10, 'بيرقر مشوي', 503.00, '65ad0b56b3287.png', 1, 5, 1, '2023-12-28 12:13:27', '2024-05-22 14:55:55');

-- --------------------------------------------------------

--
-- Table structure for table `item_types`
--

CREATE TABLE `item_types` (
  `id` bigint(20) UNSIGNED NOT NULL,
  `type` varchar(255) COLLATE utf8mb4_unicode_ci NOT NULL,
  `label` varchar(255) COLLATE utf8mb4_unicode_ci NOT NULL,
  `created_at` timestamp NULL DEFAULT NULL,
  `updated_at` timestamp NULL DEFAULT NULL
) ENGINE=InnoDB DEFAULT CHARSET=utf8mb4 COLLATE=utf8mb4_unicode_ci;

--
-- Dumping data for table `item_types`
--

INSERT INTO `item_types` (`id`, `type`, `label`, `created_at`, `updated_at`) VALUES
(1, 'ساندوتش', 'سندوتشات', '2021-02-28 18:43:02', '2021-02-28 18:43:02'),
(2, 'مشروب', 'مشروبات', '2021-02-28 18:45:21', '2021-02-28 18:56:54'),
(3, 'طلب', 'طلبات', '2022-09-14 17:36:32', '2022-09-14 17:36:32'),
(4, 'مشروبات ساخنة', 'مشروبات ساخنة', '2023-11-06 13:02:02', '2023-11-06 13:02:02'),
(5, 'jbjb', 'mbjb', '2023-12-12 04:36:11', '2023-12-12 04:36:11');

-- --------------------------------------------------------

--
-- Table structure for table `migrations`
--

CREATE TABLE `migrations` (
  `id` int(10) UNSIGNED NOT NULL,
  `migration` varchar(255) COLLATE utf8mb4_unicode_ci NOT NULL,
  `batch` int(11) NOT NULL
) ENGINE=InnoDB DEFAULT CHARSET=utf8mb4 COLLATE=utf8mb4_unicode_ci;

--
-- Dumping data for table `migrations`
--

INSERT INTO `migrations` (`id`, `migration`, `batch`) VALUES
(1, '2014_10_12_000000_create_users_table', 1),
(2, '2014_10_12_100000_create_password_resets_table', 1),
(3, '2019_08_19_000000_create_failed_jobs_table', 1),
(4, '2021_02_23_162713_create_employees_table', 2),
(5, '2021_02_23_171310_create_item_types_table', 3),
(6, '2021_02_23_171313_create_items_table', 3),
(7, '2021_02_23_171519_create_attendances_table', 3),
(9, '2021_02_23_171822_create_advances_table', 3),
(10, '2021_02_23_172059_create_orders_table', 4),
(11, '2021_02_23_172212_create_order_details_table', 4),
(14, '2021_02_23_172942_create_ingredients_table', 5),
(15, '2021_02_23_172943_create_stocks_table', 5),
(16, '2021_02_23_173901_create_daily_consumptions_table', 5),
(17, '2021_02_28_232523_add_ingredient_id_to_items_table', 6),
(18, '2021_03_01_002503_add_status_to_items_table', 7),
(19, '2021_03_01_144322_create_roles_table', 8),
(20, '2021_03_01_145049_add_role_id_to_users_table', 9),
(21, '2021_03_01_174931_add_active_to_users_table', 10),
(22, '2021_03_03_170640_create_units_table', 11),
(23, '2021_03_03_173613_add_unit_id_to_stocks_table', 12),
(24, '2021_03_03_173759_add_unit_id_to_items_table', 12),
(25, '2021_03_03_184339_create_settings_table', 13),
(26, '2021_03_04_154351_create_purchase_orders_table', 14),
(27, '2021_03_06_104658_add_price_to_order_details', 15),
(28, '2021_03_07_163954_add_unit_price_to_stocks', 16),
(29, '2021_03_10_210837_create_payments_table', 17),
(30, '2021_03_10_212958_add_payment_id_to_orders_table', 18),
(31, '0000_00_00_000000_create_websockets_statistics_entries_table', 19),
(32, '2019_12_14_000001_create_personal_access_tokens_table', 20),
(33, '2023_12_12_093933_add_status_to_orders_table', 20),
(34, '2023_12_13_134517_create_order_types_table', 21),
(35, '2023_12_13_141707_add_order_type_id_to_order_table', 22),
(36, '2023_12_14_050538_add_returned_to_orders_table', 23),
(37, '2023_12_24_052907_create_requirement_types_table', 24),
(38, '2023_12_24_054029_create_requirements_table', 24),
(39, '2023_12_24_121441_create_requirment_changes_table', 25),
(42, '2023_12_27_104924_create_expense_types_table', 27),
(43, '2021_02_23_171710_create_daily_expenses_table', 28),
(44, '2023_12_27_090532_create_expense_changes_table', 28),
(46, '2024_02_08_093004_create_suppliers_table', 29),
(47, '2024_02_08_100328_add_fields_to_purchase_orders', 30),
(49, '2023_01_07_073020_create_purchase_items_table', 31);

-- --------------------------------------------------------

--
-- Table structure for table `orders`
--

CREATE TABLE `orders` (
  `id` bigint(20) UNSIGNED NOT NULL,
  `user_id` bigint(20) UNSIGNED NOT NULL,
  `total_price` decimal(10,2) DEFAULT NULL,
  `total_items` int(11) NOT NULL,
  `created_at` timestamp NULL DEFAULT NULL,
  `updated_at` timestamp NULL DEFAULT NULL,
  `payment_id` bigint(20) UNSIGNED NOT NULL DEFAULT 1,
  `status` tinyint(4) NOT NULL DEFAULT 0,
  `order_type_id` bigint(20) UNSIGNED NOT NULL DEFAULT 1,
  `returned` tinyint(4) NOT NULL DEFAULT 0
) ENGINE=InnoDB DEFAULT CHARSET=utf8mb4 COLLATE=utf8mb4_unicode_ci;

--
-- Dumping data for table `orders`
--

INSERT INTO `orders` (`id`, `user_id`, `total_price`, `total_items`, `created_at`, `updated_at`, `payment_id`, `status`, `order_type_id`, `returned`) VALUES
(1, 4, '100.00', 1, '2022-09-21 18:28:44', '2023-12-13 04:16:48', 1, 1, 1, 0),
(2, 4, '100.00', 1, '2022-09-21 18:28:55', '2023-12-13 04:16:51', 1, 1, 1, 0),
(3, 4, '100.00', 1, '2022-09-21 18:29:49', '2023-12-13 04:16:57', 1, 1, 1, 0),
(4, 4, '100.00', 1, '2022-09-21 18:29:57', '2023-12-13 04:16:54', 1, 1, 1, 0),
(5, 4, '100.00', 1, '2022-09-21 18:30:54', '2023-12-13 04:17:00', 1, 1, 1, 0),
(6, 4, '600.00', 6, '2022-09-21 18:42:31', '2023-12-13 04:17:00', 1, 1, 1, 0),
(7, 4, '600.00', 6, '2022-09-21 18:54:09', '2023-12-13 04:17:02', 1, 1, 1, 0),
(8, 4, '600.00', 6, '2022-09-21 18:54:39', '2023-12-13 04:17:07', 1, 1, 1, 0),
(9, 4, '600.00', 6, '2022-09-21 18:55:08', '2023-12-13 04:17:08', 1, 1, 1, 0),
(10, 4, '600.00', 6, '2022-09-21 18:56:40', '2023-12-13 04:17:08', 1, 1, 1, 0),
(11, 4, '600.00', 6, '2022-09-21 18:57:15', '2023-12-13 10:43:44', 1, 1, 1, 0),
(12, 4, '600.00', 6, '2022-09-21 19:04:44', '2023-12-13 10:43:45', 1, 1, 1, 0),
(13, 4, '600.00', 6, '2022-09-21 19:04:56', '2023-12-13 10:43:48', 1, 1, 1, 0),
(14, 4, '600.00', 6, '2022-09-21 19:06:37', '2023-12-13 10:43:50', 1, 1, 1, 0),
(15, 4, '600.00', 6, '2022-09-21 19:06:56', '2023-12-13 10:43:51', 1, 1, 1, 0),
(16, 4, '600.00', 6, '2022-09-21 19:09:28', '2023-12-13 10:43:53', 1, 1, 1, 0),
(17, 4, '600.00', 6, '2022-09-21 19:10:09', '2023-12-13 10:43:55', 1, 1, 1, 0),
(18, 4, '600.00', 6, '2022-09-21 19:10:55', '2023-12-14 02:07:45', 1, 1, 1, 0),
(19, 4, '600.00', 6, '2022-09-21 19:12:26', '2023-12-14 02:07:44', 1, 1, 1, 0),
(20, 4, '600.00', 6, '2022-09-21 19:13:43', '2023-12-14 02:07:43', 1, 1, 1, 0),
(21, 4, '600.00', 6, '2022-09-21 19:13:52', '2023-12-14 02:07:41', 1, 1, 1, 0),
(22, 4, '600.00', 6, '2022-09-21 19:14:37', '2023-12-14 02:07:39', 1, 1, 1, 0),
(23, 4, '600.00', 6, '2022-09-21 19:15:15', '2023-12-14 02:07:38', 1, 1, 1, 0),
(24, 4, '600.00', 6, '2022-09-21 19:17:01', '2023-12-14 02:07:36', 1, 1, 1, 0),
(25, 4, '600.00', 6, '2022-09-21 19:17:58', '2023-12-14 02:07:35', 1, 1, 1, 0),
(26, 4, '700.00', 7, '2022-11-23 10:57:04', '2023-12-14 02:07:32', 1, 1, 1, 0),
(27, 4, '1700.00', 17, '2022-11-23 10:58:40', '2023-12-14 02:07:31', 1, 1, 1, 0),
(28, 4, '700.00', 7, '2022-11-23 10:59:06', '2023-12-14 02:07:30', 1, 1, 1, 0),
(29, 4, '100.00', 1, '2022-11-23 11:00:04', '2023-12-14 02:07:28', 1, 1, 1, 0),
(30, 4, '3400.00', 34, '2022-12-04 19:22:41', '2023-12-14 02:07:26', 1, 1, 1, 0),
(31, 4, '1600.00', 16, '2022-12-05 15:47:44', '2023-12-14 02:07:24', 1, 1, 1, 0),
(32, 4, '2200.00', 22, '2023-01-22 11:39:23', '2023-12-14 02:07:22', 1, 1, 1, 0),
(33, 4, '1900.00', 19, '2023-02-08 06:28:23', '2023-12-14 02:07:21', 1, 1, 1, 0),
(34, 4, '200.00', 2, '2023-09-10 16:57:15', '2023-12-14 02:07:19', 1, 1, 1, 0),
(35, 4, '1200.00', 12, '2023-10-08 09:02:04', '2023-12-14 02:07:17', 1, 1, 1, 0),
(36, 4, '1100.00', 11, '2023-10-08 09:03:00', '2023-12-14 02:07:15', 2, 1, 1, 0),
(37, 4, '700.00', 7, '2023-10-08 09:17:06', '2023-12-14 02:07:13', 2, 1, 1, 0),
(38, 4, '900.00', 9, '2023-10-08 09:17:26', '2023-12-13 10:50:50', 1, 1, 1, 0),
(39, 4, '2000.00', 20, '2023-10-15 10:12:35', '2023-12-13 10:50:46', 2, 1, 1, 0),
(40, 4, '2100.00', 21, '2023-11-06 12:56:58', '2023-12-13 10:50:45', 1, 1, 1, 0),
(41, 4, '700.00', 7, '2023-11-06 12:58:20', '2023-12-13 10:50:48', 2, 1, 1, 0),
(42, 4, '220.00', 3, '2023-11-06 13:02:56', '2023-12-13 10:43:35', 1, 1, 1, 0),
(43, 4, '50.00', 1, '2023-11-18 01:40:43', '2023-12-13 10:43:34', 1, 1, 1, 0),
(44, 4, '50.00', 1, '2023-11-18 01:47:11', '2023-12-13 10:43:32', 1, 1, 1, 0),
(45, 4, '150.00', 2, '2023-11-18 01:49:53', '2023-12-13 10:32:16', 1, 1, 1, 0),
(46, 4, '50.00', 1, '2023-11-18 01:55:51', '2023-12-13 10:31:42', 1, 1, 1, 0),
(47, 4, '50.00', 1, '2023-11-18 01:56:50', '2023-12-13 04:24:55', 1, 1, 1, 0),
(48, 4, '20.00', 1, '2023-11-18 01:57:42', '2023-12-13 04:24:53', 1, 1, 1, 0),
(49, 4, '650.00', 7, '2023-12-12 06:36:23', '2023-12-13 04:24:50', 1, 1, 1, 0),
(50, 4, '250.00', 3, '2023-12-12 06:45:10', '2023-12-13 04:24:47', 1, 1, 1, 0),
(51, 4, '100.00', 2, '2023-12-12 06:48:00', '2023-12-13 04:24:36', 1, 1, 1, 0),
(52, 4, '200.00', 4, '2023-12-12 06:48:37', '2023-12-13 04:24:34', 1, 1, 1, 0),
(53, 4, '250.00', 3, '2023-12-12 06:49:17', '2023-12-13 04:24:32', 1, 1, 1, 0),
(54, 4, '300.00', 3, '2023-12-12 06:49:42', '2023-12-13 04:24:29', 1, 1, 1, 0),
(55, 4, '250.00', 3, '2023-12-12 08:11:18', '2023-12-13 04:24:27', 1, 1, 1, 0),
(56, 4, '450.00', 5, '2023-12-12 08:20:08', '2023-12-13 04:24:25', 1, 1, 1, 0),
(57, 4, '200.00', 2, '2023-12-12 08:23:11', '2023-12-13 04:24:23', 1, 1, 1, 0),
(58, 4, '150.00', 2, '2023-12-12 09:28:58', '2023-12-13 04:24:21', 1, 1, 1, 0),
(59, 4, '350.00', 4, '2023-12-12 09:32:46', '2023-12-13 04:24:19', 1, 1, 1, 0),
(60, 4, '400.00', 4, '2023-12-12 09:45:35', '2023-12-13 04:23:57', 1, 1, 1, 0),
(61, 4, '100.00', 1, '2023-12-12 10:39:25', '2023-12-13 04:24:17', 1, 1, 1, 0),
(62, 4, '250.00', 3, '2023-12-12 10:56:06', '2023-12-13 04:23:52', 1, 1, 1, 0),
(63, 4, '100.00', 1, '2023-12-12 10:56:43', '2023-12-13 04:24:14', 1, 1, 1, 0),
(64, 4, '200.00', 2, '2023-12-12 10:57:00', '2023-12-13 04:16:38', 1, 1, 1, 0),
(65, 4, '400.00', 4, '2023-12-12 14:05:06', '2023-12-13 04:16:36', 1, 1, 1, 0),
(66, 4, '670.00', 8, '2023-12-12 14:05:34', '2023-12-12 14:05:34', 1, 1, 1, 0),
(67, 4, '250.00', 3, '2023-12-13 03:48:41', '2023-12-13 04:16:33', 1, 1, 1, 0),
(68, 4, '50.00', 1, '2023-12-13 03:49:16', '2023-12-13 04:16:31', 1, 1, 1, 0),
(69, 4, '150.00', 2, '2023-12-13 03:49:56', '2023-12-13 04:15:59', 1, 1, 1, 0),
(70, 4, '250.00', 3, '2023-12-13 10:41:12', '2023-12-13 10:43:30', 1, 1, 1, 0),
(71, 4, '150.00', 2, '2023-12-13 10:41:43', '2023-12-13 10:50:33', 1, 1, 1, 0),
(72, 4, '250.00', 3, '2023-12-13 10:42:12', '2023-12-13 10:43:11', 1, 1, 1, 0),
(73, 4, '150.00', 2, '2023-12-13 10:42:26', '2023-12-13 10:43:08', 1, 1, 1, 0),
(74, 4, '150.00', 2, '2023-12-13 10:42:42', '2023-12-13 10:43:06', 1, 1, 1, 0),
(75, 4, '250.00', 3, '2023-12-13 10:42:56', '2023-12-13 10:43:02', 1, 1, 1, 0),
(77, 4, '250.00', 3, '2023-12-13 12:22:42', '2023-12-23 08:01:58', 2, 1, 2, 1),
(78, 4, '150.00', 2, '2023-12-13 12:33:45', '2023-12-23 08:01:51', 1, 1, 2, 1),
(79, 4, '150.00', 2, '2023-12-13 12:37:57', '2023-12-14 03:38:01', 1, 1, 2, 1),
(80, 4, '200.00', 2, '2023-12-14 03:21:26', '2023-12-14 03:21:26', 1, 1, 2, 1),
(83, 3, '250.00', 3, '2023-12-14 02:06:17', '2023-12-14 02:07:11', 1, 1, 1, 0),
(84, 3, '250.00', 3, '2023-12-14 02:06:46', '2023-12-14 02:07:08', 1, 1, 1, 0),
(85, 3, '200.00', 2, '2023-12-14 02:07:01', '2023-12-14 02:07:49', 1, 1, 1, 0),
(86, 3, '200.00', 2, '2023-12-14 02:07:57', '2023-12-14 02:07:57', 1, 0, 1, 0),
(87, 4, '250.00', 3, '2023-12-14 03:38:19', '2023-12-14 03:38:36', 1, 0, 1, 1),
(88, 4, '250.00', 3, '2023-12-23 08:02:13', '2023-12-23 08:02:32', 1, 0, 1, 1),
(89, 4, '150.00', 2, '2023-12-24 03:03:45', '2023-12-24 03:05:15', 1, 0, 1, 1),
(90, 4, '250.00', 3, '2023-12-24 03:44:25', '2023-12-24 03:44:25', 1, 0, 1, 0),
(91, 4, '250.00', 3, '2023-12-24 03:45:12', '2023-12-24 03:45:12', 1, 0, 1, 0),
(92, 4, '50.00', 1, '2023-12-24 09:48:05', '2023-12-24 09:48:05', 1, 0, 1, 0),
(93, 4, '250.00', 3, '2023-12-24 09:48:48', '2023-12-24 09:48:48', 1, 0, 1, 0),
(94, 4, '450.00', 5, '2023-12-24 09:53:20', '2023-12-24 09:53:20', 1, 0, 1, 0),
(95, 4, '250.00', 3, '2023-12-24 09:55:31', '2023-12-24 09:55:31', 1, 0, 1, 0),
(96, 4, '670.00', 8, '2023-12-24 09:56:39', '2023-12-24 09:56:39', 1, 0, 1, 0),
(97, 4, '450.00', 5, '2023-12-24 10:02:26', '2023-12-24 10:02:26', 1, 0, 1, 0),
(98, 4, '250.00', 3, '2023-12-27 05:13:34', '2023-12-27 05:13:34', 1, 0, 1, 0),
(99, 4, '50.00', 1, '2023-12-27 05:13:47', '2023-12-27 05:13:47', 1, 0, 1, 0),
(100, 4, '50.00', 1, '2023-12-27 05:17:43', '2023-12-27 05:17:43', 1, 0, 1, 0),
(101, 4, '50.00', 1, '2023-12-27 05:20:14', '2023-12-27 05:20:14', 1, 0, 1, 0),
(102, 4, '50.00', 1, '2023-12-27 05:20:42', '2023-12-27 05:20:42', 1, 0, 1, 0),
(103, 4, '50.00', 1, '2023-12-27 05:25:37', '2023-12-27 05:25:37', 1, 0, 1, 0),
(104, 4, '50.00', 1, '2023-12-27 05:27:01', '2023-12-27 05:27:01', 1, 0, 1, 0),
(105, 4, '50.00', 1, '2023-12-27 05:37:44', '2023-12-27 05:37:44', 1, 0, 1, 0),
(106, 4, '50.00', 1, '2023-12-27 05:37:44', '2023-12-27 05:37:44', 1, 0, 1, 0),
(107, 4, '250.00', 3, '2023-12-27 05:41:49', '2023-12-27 05:41:49', 1, 0, 1, 0),
(108, 4, '50.00', 1, '2023-12-27 05:48:23', '2023-12-27 05:48:23', 1, 0, 1, 0),
(109, 4, '50.00', 1, '2023-12-27 05:49:44', '2023-12-27 05:49:44', 1, 0, 1, 0),
(110, 4, '250.00', 3, '2023-12-27 05:51:39', '2023-12-27 05:51:39', 1, 0, 1, 0),
(111, 4, '270.00', 4, '2023-12-27 05:53:53', '2023-12-27 05:53:53', 1, 0, 1, 0),
(112, 4, '150.00', 2, '2023-12-27 05:57:27', '2023-12-27 12:38:32', 1, 0, 1, 1),
(113, 4, '150.00', 2, '2023-12-27 12:40:23', '2023-12-27 12:40:23', 1, 0, 1, 0),
(114, 4, '150.00', 2, '2023-12-27 12:42:24', '2023-12-27 12:42:24', 1, 0, 1, 0),
(115, 4, '150.00', 2, '2023-12-27 12:47:56', '2024-01-09 18:59:56', 1, 1, 1, 0),
(116, 4, '250.00', 3, '2023-12-27 12:48:12', '2024-01-09 18:59:53', 1, 1, 1, 0),
(117, 4, '250.00', 3, '2023-12-27 12:48:19', '2024-01-09 18:57:20', 1, 1, 1, 0),
(118, 4, '150.00', 2, '2023-12-27 12:50:16', '2024-01-09 18:50:33', 1, 1, 1, 0),
(119, 4, '150.00', 2, '2023-12-27 12:51:06', '2024-01-09 18:50:07', 1, 1, 1, 0),
(120, 4, '150.00', 2, '2023-12-27 12:51:16', '2024-01-09 18:48:20', 1, 1, 1, 0),
(121, 4, '150.00', 2, '2023-12-27 12:52:07', '2024-01-09 18:48:15', 1, 1, 1, 0),
(122, 4, '50.00', 1, '2023-12-27 12:53:14', '2024-01-09 18:48:08', 1, 1, 1, 0),
(123, 4, '450.00', 5, '2023-12-28 08:58:56', '2024-01-09 18:47:59', 1, 1, 1, 0),
(124, 4, '150.00', 2, '2023-12-28 09:00:15', '2024-01-09 18:47:52', 1, 1, 1, 0),
(125, 4, '150.00', 2, '2023-12-28 09:00:26', '2024-01-09 18:46:57', 1, 1, 1, 0),
(126, 4, '250.00', 3, '2023-12-28 09:01:54', '2024-01-09 18:45:52', 1, 1, 1, 0),
(127, 4, '1300.00', 16, '2023-12-28 09:02:51', '2024-01-09 18:45:15', 1, 1, 1, 0),
(128, 4, '900.00', 12, '2023-12-28 09:04:10', '2024-01-09 18:45:11', 1, 1, 1, 0),
(129, 4, '2100.00', 23, '2023-12-28 09:04:40', '2024-01-09 18:45:10', 1, 1, 1, 1),
(130, 4, '50.00', 1, '2023-12-28 10:17:32', '2024-01-09 18:45:08', 1, 1, 1, 0),
(131, 4, '150.00', 2, '2023-12-28 10:33:01', '2024-01-09 18:43:38', 1, 1, 1, 0),
(132, 4, '150.00', 2, '2023-12-28 11:43:38', '2024-01-09 18:43:34', 1, 1, 1, 0),
(133, 4, '500.00', 6, '2023-12-28 11:47:17', '2024-01-09 18:43:28', 1, 1, 1, 0),
(134, 4, '350.00', 4, '2023-12-28 11:48:53', '2024-01-09 18:43:24', 1, 1, 1, 0),
(135, 4, '350.00', 4, '2023-12-28 11:51:51', '2024-01-09 18:43:20', 1, 1, 1, 0),
(136, 4, '287.00', 3, '2023-12-30 11:02:48', '2024-01-09 18:43:17', 1, 1, 1, 0),
(137, 4, '1380.00', 6, '2023-12-30 11:03:37', '2024-01-09 18:42:51', 1, 1, 1, 0),
(138, 4, '250.00', 3, '2023-12-30 11:03:53', '2024-01-09 18:42:45', 1, 1, 1, 0),
(139, 4, '890.00', 5, '2024-01-05 15:43:20', '2024-01-09 18:42:43', 1, 1, 1, 0),
(140, 4, '420.00', 5, '2024-01-05 15:43:36', '2024-01-09 18:42:41', 1, 1, 1, 0),
(141, 4, '690.00', 3, '2024-01-05 18:25:49', '2024-01-09 18:42:39', 1, 1, 1, 1),
(142, 4, '790.00', 4, '2024-01-09 18:35:39', '2024-01-09 18:42:38', 1, 1, 1, 0),
(143, 4, '653.00', 3, '2024-01-09 18:36:03', '2024-01-09 18:42:36', 1, 1, 1, 0),
(144, 4, '337.00', 3, '2024-01-09 18:37:08', '2024-01-09 18:42:34', 1, 1, 1, 0),
(145, 4, '753.00', 4, '2024-01-09 18:38:20', '2024-01-09 18:42:32', 1, 1, 1, 0),
(146, 4, '640.00', 2, '2024-01-09 18:39:10', '2024-01-09 18:42:28', 1, 1, 1, 0),
(147, 4, '640.00', 2, '2024-01-11 14:22:24', '2024-01-11 14:22:24', 1, 0, 1, 0),
(148, 4, '640.00', 2, '2024-01-11 14:22:43', '2024-01-11 14:22:43', 1, 0, 2, 0),
(149, 4, '640.00', 2, '2024-01-11 17:11:26', '2024-01-11 17:11:26', 2, 0, 1, 0),
(150, 4, '890.00', 5, '2024-01-11 17:12:58', '2024-01-11 17:12:58', 2, 0, 1, 0),
(151, 4, '690.00', 3, '2024-02-08 14:11:53', '2024-02-08 14:11:53', 1, 0, 1, 0),
(152, 4, '137.00', 1, '2024-02-08 14:12:16', '2024-02-08 14:12:16', 1, 0, 1, 0),
(153, 4, '640.00', 2, '2024-02-08 14:13:00', '2024-02-08 14:13:31', 1, 0, 1, 1),
(154, 4, '640.00', 2, '2024-02-08 14:14:31', '2024-02-08 14:14:31', 1, 0, 1, 0),
(155, 4, '690.00', 3, '2024-02-09 06:48:29', '2024-02-09 06:48:46', 1, 0, 1, 1),
(156, 4, '337.00', 4, '2024-02-09 06:49:07', '2024-02-09 06:49:07', 1, 0, 1, 0),
(157, 4, '690.00', 3, '2024-02-11 21:23:10', '2024-02-11 21:23:10', 1, 0, 1, 0),
(158, 4, '690.00', 3, '2024-02-11 21:23:20', '2024-02-11 21:23:20', 1, 0, 1, 0),
(159, 4, '200.00', 2, '2024-02-11 21:23:44', '2024-02-11 21:23:44', 1, 0, 1, 0),
(160, 4, '690.00', 3, '2024-02-11 21:38:47', '2024-02-11 21:38:47', 1, 0, 1, 0),
(161, 4, '690.00', 3, '2024-02-11 21:38:54', '2024-02-11 21:38:54', 1, 0, 1, 0),
(162, 4, '690.00', 3, '2024-02-11 21:39:35', '2024-02-11 21:39:35', 1, 0, 1, 0),
(163, 4, '640.00', 2, '2024-02-11 21:40:10', '2024-02-11 21:40:10', 1, 0, 1, 0),
(164, 4, '880.00', 12, '2024-05-21 14:04:39', '2024-05-21 14:04:39', 1, 0, 1, 0),
(165, 4, '270.00', 4, '2024-05-22 14:54:07', '2024-05-22 14:54:07', 2, 0, 1, 0),
(166, 4, '4440.00', 18, '2024-05-22 14:55:25', '2024-05-22 14:59:29', 2, 1, 1, 1),
(167, 4, '1500.00', 15, '2024-06-01 15:44:44', '2024-06-01 15:44:44', 1, 0, 1, 0),
(168, 4, '200.00', 2, '2024-06-05 15:15:58', '2024-06-05 15:15:58', 1, 0, 1, 0),
(169, 4, '503.00', 1, '2024-06-05 15:24:01', '2024-06-05 15:24:01', 1, 0, 1, 0),
(170, 4, '503.00', 1, '2024-06-05 15:27:22', '2024-06-05 15:27:22', 1, 0, 1, 0);

-- --------------------------------------------------------

--
-- Table structure for table `order_details`
--

CREATE TABLE `order_details` (
  `id` bigint(20) UNSIGNED NOT NULL,
  `item_id` bigint(20) UNSIGNED NOT NULL,
  `order_id` bigint(20) UNSIGNED NOT NULL,
  `quantity` int(11) NOT NULL DEFAULT 1,
  `price` decimal(10,2) NOT NULL DEFAULT 0.00,
  `returned` tinyint(4) DEFAULT 0,
  `created_at` timestamp NULL DEFAULT NULL,
  `updated_at` timestamp NULL DEFAULT NULL
) ENGINE=InnoDB DEFAULT CHARSET=utf8mb4 COLLATE=utf8mb4_unicode_ci;

--
-- Dumping data for table `order_details`
--

INSERT INTO `order_details` (`id`, `item_id`, `order_id`, `quantity`, `price`, `returned`, `created_at`, `updated_at`) VALUES
(1, 1, 1, 1, '100.00', 0, '2022-09-21 18:28:44', '2022-09-21 18:28:44'),
(2, 1, 2, 1, '100.00', 0, '2022-09-21 18:28:55', '2022-09-21 18:28:55'),
(3, 1, 3, 1, '100.00', 0, '2022-09-21 18:29:49', '2022-09-21 18:29:49'),
(4, 1, 4, 1, '100.00', 0, '2022-09-21 18:29:58', '2022-09-21 18:29:58'),
(5, 1, 5, 1, '100.00', 0, '2022-09-21 18:30:54', '2022-09-21 18:30:54'),
(6, 5, 6, 1, '100.00', 0, '2022-09-21 18:42:31', '2022-09-21 18:42:31'),
(7, 2, 6, 1, '100.00', 0, '2022-09-21 18:42:31', '2022-09-21 18:42:31'),
(8, 3, 6, 1, '100.00', 0, '2022-09-21 18:42:31', '2022-09-21 18:42:31'),
(9, 6, 6, 1, '100.00', 0, '2022-09-21 18:42:31', '2022-09-21 18:42:31'),
(10, 4, 6, 1, '100.00', 0, '2022-09-21 18:42:31', '2022-09-21 18:42:31'),
(11, 1, 6, 1, '100.00', 0, '2022-09-21 18:42:31', '2022-09-21 18:42:31'),
(12, 5, 7, 1, '100.00', 0, '2022-09-21 18:54:09', '2022-09-21 18:54:09'),
(13, 2, 7, 1, '100.00', 0, '2022-09-21 18:54:09', '2022-09-21 18:54:09'),
(14, 6, 7, 1, '100.00', 0, '2022-09-21 18:54:09', '2022-09-21 18:54:09'),
(15, 3, 7, 1, '100.00', 0, '2022-09-21 18:54:09', '2022-09-21 18:54:09'),
(16, 4, 7, 1, '100.00', 0, '2022-09-21 18:54:09', '2022-09-21 18:54:09'),
(17, 1, 7, 1, '100.00', 0, '2022-09-21 18:54:09', '2022-09-21 18:54:09'),
(18, 5, 8, 1, '100.00', 0, '2022-09-21 18:54:39', '2022-09-21 18:54:39'),
(19, 2, 8, 1, '100.00', 0, '2022-09-21 18:54:39', '2022-09-21 18:54:39'),
(20, 6, 8, 1, '100.00', 0, '2022-09-21 18:54:39', '2022-09-21 18:54:39'),
(21, 3, 8, 1, '100.00', 0, '2022-09-21 18:54:39', '2022-09-21 18:54:39'),
(22, 4, 8, 1, '100.00', 0, '2022-09-21 18:54:39', '2022-09-21 18:54:39'),
(23, 1, 8, 1, '100.00', 0, '2022-09-21 18:54:39', '2022-09-21 18:54:39'),
(24, 5, 9, 1, '100.00', 0, '2022-09-21 18:55:08', '2022-09-21 18:55:08'),
(25, 2, 9, 1, '100.00', 0, '2022-09-21 18:55:08', '2022-09-21 18:55:08'),
(26, 6, 9, 1, '100.00', 0, '2022-09-21 18:55:08', '2022-09-21 18:55:08'),
(27, 3, 9, 1, '100.00', 0, '2022-09-21 18:55:08', '2022-09-21 18:55:08'),
(28, 4, 9, 1, '100.00', 0, '2022-09-21 18:55:08', '2022-09-21 18:55:08'),
(29, 1, 9, 1, '100.00', 0, '2022-09-21 18:55:09', '2022-09-21 18:55:09'),
(30, 5, 10, 1, '100.00', 0, '2022-09-21 18:56:40', '2022-09-21 18:56:40'),
(31, 2, 10, 1, '100.00', 0, '2022-09-21 18:56:40', '2022-09-21 18:56:40'),
(32, 6, 10, 1, '100.00', 0, '2022-09-21 18:56:40', '2022-09-21 18:56:40'),
(33, 3, 10, 1, '100.00', 0, '2022-09-21 18:56:40', '2022-09-21 18:56:40'),
(34, 4, 10, 1, '100.00', 0, '2022-09-21 18:56:40', '2022-09-21 18:56:40'),
(35, 1, 10, 1, '100.00', 0, '2022-09-21 18:56:40', '2022-09-21 18:56:40'),
(36, 5, 11, 1, '100.00', 0, '2022-09-21 18:57:15', '2022-09-21 18:57:15'),
(37, 2, 11, 1, '100.00', 0, '2022-09-21 18:57:15', '2022-09-21 18:57:15'),
(38, 6, 11, 1, '100.00', 0, '2022-09-21 18:57:15', '2022-09-21 18:57:15'),
(39, 3, 11, 1, '100.00', 0, '2022-09-21 18:57:15', '2022-09-21 18:57:15'),
(40, 4, 11, 1, '100.00', 0, '2022-09-21 18:57:15', '2022-09-21 18:57:15'),
(41, 1, 11, 1, '100.00', 0, '2022-09-21 18:57:15', '2022-09-21 18:57:15'),
(42, 5, 12, 1, '100.00', 0, '2022-09-21 19:04:44', '2022-09-21 19:04:44'),
(43, 2, 12, 1, '100.00', 0, '2022-09-21 19:04:44', '2022-09-21 19:04:44'),
(44, 6, 12, 1, '100.00', 0, '2022-09-21 19:04:44', '2022-09-21 19:04:44'),
(45, 3, 12, 1, '100.00', 0, '2022-09-21 19:04:44', '2022-09-21 19:04:44'),
(46, 4, 12, 1, '100.00', 0, '2022-09-21 19:04:44', '2022-09-21 19:04:44'),
(47, 1, 12, 1, '100.00', 0, '2022-09-21 19:04:44', '2022-09-21 19:04:44'),
(48, 5, 13, 1, '100.00', 0, '2022-09-21 19:04:56', '2022-09-21 19:04:56'),
(49, 2, 13, 1, '100.00', 0, '2022-09-21 19:04:56', '2022-09-21 19:04:56'),
(50, 6, 13, 1, '100.00', 0, '2022-09-21 19:04:56', '2022-09-21 19:04:56'),
(51, 3, 13, 1, '100.00', 0, '2022-09-21 19:04:56', '2022-09-21 19:04:56'),
(52, 4, 13, 1, '100.00', 0, '2022-09-21 19:04:56', '2022-09-21 19:04:56'),
(53, 1, 13, 1, '100.00', 0, '2022-09-21 19:04:56', '2022-09-21 19:04:56'),
(54, 5, 14, 1, '100.00', 0, '2022-09-21 19:06:38', '2022-09-21 19:06:38'),
(55, 2, 14, 1, '100.00', 0, '2022-09-21 19:06:38', '2022-09-21 19:06:38'),
(56, 6, 14, 1, '100.00', 0, '2022-09-21 19:06:38', '2022-09-21 19:06:38'),
(57, 3, 14, 1, '100.00', 0, '2022-09-21 19:06:38', '2022-09-21 19:06:38'),
(58, 4, 14, 1, '100.00', 0, '2022-09-21 19:06:38', '2022-09-21 19:06:38'),
(59, 1, 14, 1, '100.00', 0, '2022-09-21 19:06:38', '2022-09-21 19:06:38'),
(60, 5, 15, 1, '100.00', 0, '2022-09-21 19:06:56', '2022-09-21 19:06:56'),
(61, 2, 15, 1, '100.00', 0, '2022-09-21 19:06:56', '2022-09-21 19:06:56'),
(62, 6, 15, 1, '100.00', 0, '2022-09-21 19:06:56', '2022-09-21 19:06:56'),
(63, 3, 15, 1, '100.00', 0, '2022-09-21 19:06:56', '2022-09-21 19:06:56'),
(64, 4, 15, 1, '100.00', 0, '2022-09-21 19:06:56', '2022-09-21 19:06:56'),
(65, 1, 15, 1, '100.00', 0, '2022-09-21 19:06:56', '2022-09-21 19:06:56'),
(66, 5, 16, 1, '100.00', 0, '2022-09-21 19:09:28', '2022-09-21 19:09:28'),
(67, 2, 16, 1, '100.00', 0, '2022-09-21 19:09:29', '2022-09-21 19:09:29'),
(68, 4, 16, 1, '100.00', 0, '2022-09-21 19:09:29', '2022-09-21 19:09:29'),
(69, 1, 16, 1, '100.00', 0, '2022-09-21 19:09:29', '2022-09-21 19:09:29'),
(70, 6, 16, 1, '100.00', 0, '2022-09-21 19:09:29', '2022-09-21 19:09:29'),
(71, 3, 16, 1, '100.00', 0, '2022-09-21 19:09:29', '2022-09-21 19:09:29'),
(72, 5, 17, 1, '100.00', 0, '2022-09-21 19:10:09', '2022-09-21 19:10:09'),
(73, 2, 17, 1, '100.00', 0, '2022-09-21 19:10:09', '2022-09-21 19:10:09'),
(74, 6, 17, 1, '100.00', 0, '2022-09-21 19:10:09', '2022-09-21 19:10:09'),
(75, 3, 17, 1, '100.00', 0, '2022-09-21 19:10:09', '2022-09-21 19:10:09'),
(76, 4, 17, 1, '100.00', 0, '2022-09-21 19:10:09', '2022-09-21 19:10:09'),
(77, 1, 17, 1, '100.00', 0, '2022-09-21 19:10:09', '2022-09-21 19:10:09'),
(78, 5, 18, 1, '100.00', 0, '2022-09-21 19:10:55', '2022-09-21 19:10:55'),
(79, 2, 18, 1, '100.00', 0, '2022-09-21 19:10:55', '2022-09-21 19:10:55'),
(80, 6, 18, 1, '100.00', 0, '2022-09-21 19:10:55', '2022-09-21 19:10:55'),
(81, 3, 18, 1, '100.00', 0, '2022-09-21 19:10:55', '2022-09-21 19:10:55'),
(82, 4, 18, 1, '100.00', 0, '2022-09-21 19:10:55', '2022-09-21 19:10:55'),
(83, 1, 18, 1, '100.00', 0, '2022-09-21 19:10:55', '2022-09-21 19:10:55'),
(84, 5, 19, 1, '100.00', 0, '2022-09-21 19:12:26', '2022-09-21 19:12:26'),
(85, 2, 19, 1, '100.00', 0, '2022-09-21 19:12:26', '2022-09-21 19:12:26'),
(86, 6, 19, 1, '100.00', 0, '2022-09-21 19:12:26', '2022-09-21 19:12:26'),
(87, 3, 19, 1, '100.00', 0, '2022-09-21 19:12:26', '2022-09-21 19:12:26'),
(88, 4, 19, 1, '100.00', 0, '2022-09-21 19:12:26', '2022-09-21 19:12:26'),
(89, 1, 19, 1, '100.00', 0, '2022-09-21 19:12:26', '2022-09-21 19:12:26'),
(90, 5, 20, 1, '100.00', 0, '2022-09-21 19:13:43', '2022-09-21 19:13:43'),
(91, 2, 20, 1, '100.00', 0, '2022-09-21 19:13:43', '2022-09-21 19:13:43'),
(92, 6, 20, 1, '100.00', 0, '2022-09-21 19:13:43', '2022-09-21 19:13:43'),
(93, 3, 20, 1, '100.00', 0, '2022-09-21 19:13:43', '2022-09-21 19:13:43'),
(94, 4, 20, 1, '100.00', 0, '2022-09-21 19:13:43', '2022-09-21 19:13:43'),
(95, 1, 20, 1, '100.00', 0, '2022-09-21 19:13:43', '2022-09-21 19:13:43'),
(96, 5, 21, 1, '100.00', 0, '2022-09-21 19:13:52', '2022-09-21 19:13:52'),
(97, 2, 21, 1, '100.00', 0, '2022-09-21 19:13:52', '2022-09-21 19:13:52'),
(98, 6, 21, 1, '100.00', 0, '2022-09-21 19:13:52', '2022-09-21 19:13:52'),
(99, 3, 21, 1, '100.00', 0, '2022-09-21 19:13:52', '2022-09-21 19:13:52'),
(100, 4, 21, 1, '100.00', 0, '2022-09-21 19:13:52', '2022-09-21 19:13:52'),
(101, 1, 21, 1, '100.00', 0, '2022-09-21 19:13:52', '2022-09-21 19:13:52'),
(102, 5, 22, 1, '100.00', 0, '2022-09-21 19:14:37', '2022-09-21 19:14:37'),
(103, 2, 22, 1, '100.00', 0, '2022-09-21 19:14:37', '2022-09-21 19:14:37'),
(104, 6, 22, 1, '100.00', 0, '2022-09-21 19:14:37', '2022-09-21 19:14:37'),
(105, 3, 22, 1, '100.00', 0, '2022-09-21 19:14:37', '2022-09-21 19:14:37'),
(106, 4, 22, 1, '100.00', 0, '2022-09-21 19:14:37', '2022-09-21 19:14:37'),
(107, 1, 22, 1, '100.00', 0, '2022-09-21 19:14:37', '2022-09-21 19:14:37'),
(108, 5, 23, 1, '100.00', 0, '2022-09-21 19:15:15', '2022-09-21 19:15:15'),
(109, 2, 23, 1, '100.00', 0, '2022-09-21 19:15:15', '2022-09-21 19:15:15'),
(110, 6, 23, 1, '100.00', 0, '2022-09-21 19:15:15', '2022-09-21 19:15:15'),
(111, 3, 23, 1, '100.00', 0, '2022-09-21 19:15:15', '2022-09-21 19:15:15'),
(112, 4, 23, 1, '100.00', 0, '2022-09-21 19:15:15', '2022-09-21 19:15:15'),
(113, 1, 23, 1, '100.00', 0, '2022-09-21 19:15:15', '2022-09-21 19:15:15'),
(114, 5, 24, 1, '100.00', 0, '2022-09-21 19:17:01', '2022-09-21 19:17:01'),
(115, 2, 24, 1, '100.00', 0, '2022-09-21 19:17:01', '2022-09-21 19:17:01'),
(116, 6, 24, 1, '100.00', 0, '2022-09-21 19:17:01', '2022-09-21 19:17:01'),
(117, 3, 24, 1, '100.00', 0, '2022-09-21 19:17:01', '2022-09-21 19:17:01'),
(118, 4, 24, 1, '100.00', 0, '2022-09-21 19:17:01', '2022-09-21 19:17:01'),
(119, 1, 24, 1, '100.00', 0, '2022-09-21 19:17:01', '2022-09-21 19:17:01'),
(120, 5, 25, 1, '100.00', 0, '2022-09-21 19:17:58', '2022-09-21 19:17:58'),
(121, 2, 25, 1, '100.00', 0, '2022-09-21 19:17:58', '2022-09-21 19:17:58'),
(122, 6, 25, 1, '100.00', 0, '2022-09-21 19:17:58', '2022-09-21 19:17:58'),
(123, 3, 25, 1, '100.00', 0, '2022-09-21 19:17:59', '2022-09-21 19:17:59'),
(124, 4, 25, 1, '100.00', 0, '2022-09-21 19:17:59', '2022-09-21 19:17:59'),
(125, 1, 25, 1, '100.00', 0, '2022-09-21 19:17:59', '2022-09-21 19:17:59'),
(126, 5, 26, 3, '300.00', 0, '2022-11-23 10:57:04', '2022-11-23 10:57:04'),
(127, 2, 26, 4, '400.00', 0, '2022-11-23 10:57:04', '2022-11-23 10:57:04'),
(128, 5, 27, 11, '1100.00', 0, '2022-11-23 10:58:40', '2022-11-23 10:58:40'),
(129, 2, 27, 6, '600.00', 0, '2022-11-23 10:58:40', '2022-11-23 10:58:40'),
(130, 5, 28, 1, '100.00', 0, '2022-11-23 10:59:06', '2022-11-23 10:59:06'),
(131, 2, 28, 1, '100.00', 0, '2022-11-23 10:59:06', '2022-11-23 10:59:06'),
(132, 3, 28, 1, '100.00', 0, '2022-11-23 10:59:06', '2022-11-23 10:59:06'),
(133, 6, 28, 1, '100.00', 0, '2022-11-23 10:59:06', '2022-11-23 10:59:06'),
(134, 1, 28, 2, '200.00', 0, '2022-11-23 10:59:06', '2022-11-23 10:59:06'),
(135, 4, 28, 1, '100.00', 0, '2022-11-23 10:59:06', '2022-11-23 10:59:06'),
(136, 5, 29, 1, '100.00', 0, '2022-11-23 11:00:04', '2022-11-23 11:00:04'),
(137, 4, 30, 14, '1400.00', 0, '2022-12-04 19:22:41', '2022-12-04 19:22:41'),
(138, 6, 30, 8, '800.00', 0, '2022-12-04 19:22:41', '2022-12-04 19:22:41'),
(139, 3, 30, 6, '600.00', 0, '2022-12-04 19:22:41', '2022-12-04 19:22:41'),
(140, 5, 30, 6, '600.00', 0, '2022-12-04 19:22:41', '2022-12-04 19:22:41'),
(141, 2, 31, 6, '600.00', 0, '2022-12-05 15:47:45', '2022-12-05 15:47:45'),
(142, 5, 31, 5, '500.00', 0, '2022-12-05 15:47:45', '2022-12-05 15:47:45'),
(143, 3, 31, 1, '100.00', 0, '2022-12-05 15:47:46', '2022-12-05 15:47:46'),
(144, 6, 31, 3, '300.00', 0, '2022-12-05 15:47:46', '2022-12-05 15:47:46'),
(145, 4, 31, 1, '100.00', 0, '2022-12-05 15:47:46', '2022-12-05 15:47:46'),
(146, 5, 32, 6, '600.00', 0, '2023-01-22 11:39:23', '2023-01-22 11:39:23'),
(147, 2, 32, 6, '600.00', 0, '2023-01-22 11:39:23', '2023-01-22 11:39:23'),
(148, 6, 32, 4, '400.00', 0, '2023-01-22 11:39:23', '2023-01-22 11:39:23'),
(149, 3, 32, 3, '300.00', 0, '2023-01-22 11:39:23', '2023-01-22 11:39:23'),
(150, 4, 32, 2, '200.00', 0, '2023-01-22 11:39:23', '2023-01-22 11:39:23'),
(151, 1, 32, 1, '100.00', 0, '2023-01-22 11:39:23', '2023-01-22 11:39:23'),
(152, 5, 33, 4, '400.00', 0, '2023-02-08 06:28:23', '2023-02-08 06:28:23'),
(153, 2, 33, 3, '300.00', 0, '2023-02-08 06:28:23', '2023-02-08 06:28:23'),
(154, 3, 33, 4, '400.00', 0, '2023-02-08 06:28:24', '2023-02-08 06:28:24'),
(155, 6, 33, 3, '300.00', 0, '2023-02-08 06:28:24', '2023-02-08 06:28:24'),
(156, 1, 33, 3, '300.00', 0, '2023-02-08 06:28:24', '2023-02-08 06:28:24'),
(157, 4, 33, 2, '200.00', 0, '2023-02-08 06:28:24', '2023-02-08 06:28:24'),
(158, 5, 34, 1, '100.00', 0, '2023-09-10 16:57:15', '2023-09-10 16:57:15'),
(159, 2, 34, 1, '100.00', 0, '2023-09-10 16:57:15', '2023-09-10 16:57:15'),
(160, 2, 35, 4, '400.00', 0, '2023-10-08 09:02:04', '2023-10-08 09:02:04'),
(161, 3, 35, 4, '400.00', 0, '2023-10-08 09:02:04', '2023-10-08 09:02:04'),
(162, 1, 35, 4, '400.00', 0, '2023-10-08 09:02:04', '2023-10-08 09:02:04'),
(163, 2, 36, 2, '200.00', 0, '2023-10-08 09:03:00', '2023-10-08 09:03:00'),
(164, 5, 36, 4, '400.00', 0, '2023-10-08 09:03:00', '2023-10-08 09:03:00'),
(165, 6, 36, 3, '300.00', 0, '2023-10-08 09:03:00', '2023-10-08 09:03:00'),
(166, 4, 36, 2, '200.00', 0, '2023-10-08 09:03:00', '2023-10-08 09:03:00'),
(167, 5, 37, 3, '300.00', 0, '2023-10-08 09:17:06', '2023-10-08 09:17:06'),
(168, 6, 37, 2, '200.00', 0, '2023-10-08 09:17:06', '2023-10-08 09:17:06'),
(169, 4, 37, 2, '200.00', 0, '2023-10-08 09:17:06', '2023-10-08 09:17:06'),
(170, 4, 38, 3, '300.00', 0, '2023-10-08 09:17:27', '2023-10-08 09:17:27'),
(171, 6, 38, 3, '300.00', 0, '2023-10-08 09:17:27', '2023-10-08 09:17:27'),
(172, 2, 38, 3, '300.00', 0, '2023-10-08 09:17:27', '2023-10-08 09:17:27'),
(173, 5, 39, 8, '800.00', 0, '2023-10-15 10:12:35', '2023-10-15 10:12:35'),
(174, 6, 39, 3, '300.00', 0, '2023-10-15 10:12:35', '2023-10-15 10:12:35'),
(175, 3, 39, 3, '300.00', 0, '2023-10-15 10:12:35', '2023-10-15 10:12:35'),
(176, 4, 39, 3, '300.00', 0, '2023-10-15 10:12:35', '2023-10-15 10:12:35'),
(177, 1, 39, 3, '300.00', 0, '2023-10-15 10:12:35', '2023-10-15 10:12:35'),
(178, 5, 40, 9, '900.00', 0, '2023-11-06 12:56:58', '2023-11-06 12:56:58'),
(179, 3, 40, 4, '400.00', 0, '2023-11-06 12:56:58', '2023-11-06 12:56:58'),
(180, 6, 40, 5, '500.00', 0, '2023-11-06 12:56:58', '2023-11-06 12:56:58'),
(181, 1, 40, 3, '300.00', 0, '2023-11-06 12:56:59', '2023-11-06 12:56:59'),
(182, 5, 41, 7, '700.00', 0, '2023-11-06 12:58:20', '2023-11-06 12:58:20'),
(183, 8, 42, 1, '20.00', 0, '2023-11-06 13:02:56', '2023-11-06 13:02:56'),
(184, 3, 42, 1, '100.00', 0, '2023-11-06 13:02:56', '2023-11-06 13:02:56'),
(185, 6, 42, 1, '100.00', 0, '2023-11-06 13:02:56', '2023-11-06 13:02:56'),
(186, 7, 43, 1, '50.00', 0, '2023-11-18 01:40:43', '2023-11-18 01:40:43'),
(187, 7, 44, 1, '50.00', 0, '2023-11-18 01:47:11', '2023-11-18 01:47:11'),
(188, 7, 45, 1, '50.00', 0, '2023-11-18 01:49:53', '2023-11-18 01:49:53'),
(189, 5, 45, 1, '100.00', 0, '2023-11-18 01:49:53', '2023-11-18 01:49:53'),
(190, 7, 46, 1, '50.00', 0, '2023-11-18 01:55:51', '2023-11-18 01:55:51'),
(191, 7, 47, 1, '50.00', 0, '2023-11-18 01:56:50', '2023-11-18 01:56:50'),
(192, 8, 48, 1, '20.00', 0, '2023-11-18 01:57:42', '2023-11-18 01:57:42'),
(193, 7, 49, 1, '50.00', 0, '2023-12-12 06:36:23', '2023-12-12 06:36:23'),
(194, 5, 49, 1, '100.00', 0, '2023-12-12 06:36:23', '2023-12-12 06:36:23'),
(195, 2, 49, 1, '100.00', 0, '2023-12-12 06:36:24', '2023-12-12 06:36:24'),
(196, 1, 49, 1, '100.00', 0, '2023-12-12 06:36:24', '2023-12-12 06:36:24'),
(197, 4, 49, 1, '100.00', 0, '2023-12-12 06:36:24', '2023-12-12 06:36:24'),
(198, 3, 49, 1, '100.00', 0, '2023-12-12 06:36:24', '2023-12-12 06:36:24'),
(199, 6, 49, 1, '100.00', 0, '2023-12-12 06:36:24', '2023-12-12 06:36:24'),
(200, 5, 50, 1, '100.00', 0, '2023-12-12 06:45:10', '2023-12-12 06:45:10'),
(201, 2, 50, 1, '100.00', 0, '2023-12-12 06:45:10', '2023-12-12 06:45:10'),
(202, 7, 50, 1, '50.00', 0, '2023-12-12 06:45:10', '2023-12-12 06:45:10'),
(203, 7, 51, 2, '100.00', 0, '2023-12-12 06:48:00', '2023-12-12 06:48:00'),
(204, 7, 52, 4, '200.00', 0, '2023-12-12 06:48:37', '2023-12-12 06:48:37'),
(205, 5, 53, 1, '100.00', 0, '2023-12-12 06:49:17', '2023-12-12 06:49:17'),
(206, 2, 53, 1, '100.00', 0, '2023-12-12 06:49:17', '2023-12-12 06:49:17'),
(207, 7, 53, 1, '50.00', 0, '2023-12-12 06:49:17', '2023-12-12 06:49:17'),
(208, 5, 54, 3, '300.00', 0, '2023-12-12 06:49:42', '2023-12-12 06:49:42'),
(209, 2, 55, 1, '100.00', 0, '2023-12-12 08:11:18', '2023-12-12 08:11:18'),
(210, 5, 55, 1, '100.00', 0, '2023-12-12 08:11:18', '2023-12-12 08:11:18'),
(211, 7, 55, 1, '50.00', 0, '2023-12-12 08:11:18', '2023-12-12 08:11:18'),
(212, 7, 56, 1, '50.00', 0, '2023-12-12 08:20:08', '2023-12-12 08:20:08'),
(213, 5, 56, 1, '100.00', 0, '2023-12-12 08:20:08', '2023-12-12 08:20:08'),
(214, 2, 56, 1, '100.00', 0, '2023-12-12 08:20:08', '2023-12-12 08:20:08'),
(215, 6, 56, 1, '100.00', 0, '2023-12-12 08:20:08', '2023-12-12 08:20:08'),
(216, 3, 56, 1, '100.00', 0, '2023-12-12 08:20:08', '2023-12-12 08:20:08'),
(217, 3, 57, 1, '100.00', 0, '2023-12-12 08:23:11', '2023-12-12 08:23:11'),
(218, 6, 57, 1, '100.00', 0, '2023-12-12 08:23:11', '2023-12-12 08:23:11'),
(219, 7, 58, 1, '50.00', 0, '2023-12-12 09:28:58', '2023-12-12 09:28:58'),
(220, 5, 58, 1, '100.00', 0, '2023-12-12 09:28:58', '2023-12-12 09:28:58'),
(221, 5, 59, 2, '200.00', 0, '2023-12-12 09:32:46', '2023-12-12 09:32:46'),
(222, 7, 59, 1, '50.00', 0, '2023-12-12 09:32:46', '2023-12-12 09:32:46'),
(223, 2, 59, 1, '100.00', 0, '2023-12-12 09:32:46', '2023-12-12 09:32:46'),
(224, 3, 60, 2, '200.00', 0, '2023-12-12 09:45:35', '2023-12-12 09:45:35'),
(225, 6, 60, 2, '200.00', 0, '2023-12-12 09:45:35', '2023-12-12 09:45:35'),
(226, 6, 61, 1, '100.00', 0, '2023-12-12 10:39:25', '2023-12-12 10:39:25'),
(227, 2, 62, 1, '100.00', 0, '2023-12-12 10:56:06', '2023-12-12 10:56:06'),
(228, 5, 62, 1, '100.00', 0, '2023-12-12 10:56:06', '2023-12-12 10:56:06'),
(229, 7, 62, 1, '50.00', 0, '2023-12-12 10:56:06', '2023-12-12 10:56:06'),
(230, 2, 63, 1, '100.00', 0, '2023-12-12 10:56:43', '2023-12-12 10:56:43'),
(231, 3, 64, 1, '100.00', 0, '2023-12-12 10:57:00', '2023-12-12 10:57:00'),
(232, 6, 64, 1, '100.00', 0, '2023-12-12 10:57:00', '2023-12-12 10:57:00'),
(233, 2, 65, 4, '400.00', 0, '2023-12-12 14:05:06', '2023-12-12 14:05:06'),
(234, 7, 66, 1, '50.00', 0, '2023-12-12 14:05:34', '2023-12-12 14:05:34'),
(235, 5, 66, 1, '100.00', 0, '2023-12-12 14:05:34', '2023-12-12 14:05:34'),
(236, 2, 66, 1, '100.00', 0, '2023-12-12 14:05:34', '2023-12-12 14:05:34'),
(237, 3, 66, 1, '100.00', 0, '2023-12-12 14:05:34', '2023-12-12 14:05:34'),
(238, 6, 66, 1, '100.00', 0, '2023-12-12 14:05:34', '2023-12-12 14:05:34'),
(239, 1, 66, 1, '100.00', 0, '2023-12-12 14:05:34', '2023-12-12 14:05:34'),
(240, 4, 66, 1, '100.00', 0, '2023-12-12 14:05:34', '2023-12-12 14:05:34'),
(241, 8, 66, 1, '20.00', 0, '2023-12-12 14:05:34', '2023-12-12 14:05:34'),
(242, 7, 67, 1, '50.00', 0, '2023-12-13 03:48:42', '2023-12-13 03:48:42'),
(243, 5, 67, 1, '100.00', 0, '2023-12-13 03:48:42', '2023-12-13 03:48:42'),
(244, 2, 67, 1, '100.00', 0, '2023-12-13 03:48:42', '2023-12-13 03:48:42'),
(245, 7, 68, 1, '50.00', 0, '2023-12-13 03:49:16', '2023-12-13 03:49:16'),
(246, 7, 69, 1, '50.00', 0, '2023-12-13 03:49:56', '2023-12-13 03:49:56'),
(247, 5, 69, 1, '100.00', 0, '2023-12-13 03:49:57', '2023-12-13 03:49:57'),
(248, 2, 70, 1, '100.00', 0, '2023-12-13 10:41:12', '2023-12-13 10:41:12'),
(249, 5, 70, 1, '100.00', 0, '2023-12-13 10:41:12', '2023-12-13 10:41:12'),
(250, 7, 70, 1, '50.00', 0, '2023-12-13 10:41:12', '2023-12-13 10:41:12'),
(251, 7, 71, 1, '50.00', 0, '2023-12-13 10:41:43', '2023-12-13 10:41:43'),
(252, 5, 71, 1, '100.00', 0, '2023-12-13 10:41:43', '2023-12-13 10:41:43'),
(253, 2, 72, 1, '100.00', 0, '2023-12-13 10:42:12', '2023-12-13 10:42:12'),
(254, 5, 72, 1, '100.00', 0, '2023-12-13 10:42:12', '2023-12-13 10:42:12'),
(255, 7, 72, 1, '50.00', 0, '2023-12-13 10:42:12', '2023-12-13 10:42:12'),
(256, 7, 73, 1, '50.00', 0, '2023-12-13 10:42:26', '2023-12-13 10:42:26'),
(257, 5, 73, 1, '100.00', 0, '2023-12-13 10:42:26', '2023-12-13 10:42:26'),
(258, 7, 74, 1, '50.00', 0, '2023-12-13 10:42:42', '2023-12-13 10:42:42'),
(259, 5, 74, 1, '100.00', 0, '2023-12-13 10:42:42', '2023-12-13 10:42:42'),
(260, 7, 75, 1, '50.00', 0, '2023-12-13 10:42:56', '2023-12-13 10:42:56'),
(261, 5, 75, 1, '100.00', 0, '2023-12-13 10:42:56', '2023-12-13 10:42:56'),
(262, 2, 75, 1, '100.00', 0, '2023-12-13 10:42:56', '2023-12-13 10:42:56'),
(266, 7, 77, 1, '50.00', 0, '2023-12-13 12:22:42', '2023-12-13 12:22:42'),
(267, 5, 77, 1, '100.00', 0, '2023-12-13 12:22:42', '2023-12-13 12:22:42'),
(268, 2, 77, 1, '100.00', 0, '2023-12-13 12:22:42', '2023-12-13 12:22:42'),
(269, 7, 78, 1, '50.00', 0, '2023-12-13 12:33:45', '2023-12-13 12:33:45'),
(270, 5, 78, 1, '100.00', 0, '2023-12-13 12:33:45', '2023-12-13 12:33:45'),
(271, 7, 79, 1, '50.00', 0, '2023-12-13 12:37:57', '2023-12-13 12:37:57'),
(272, 6, 79, 1, '100.00', 0, '2023-12-13 12:37:57', '2023-12-13 12:37:57'),
(273, 6, 80, 1, '100.00', 0, '2023-12-13 12:39:10', '2023-12-13 12:39:10'),
(274, 3, 80, 1, '100.00', 0, '2023-12-13 12:39:11', '2023-12-13 12:39:11'),
(277, 7, 83, 1, '50.00', 0, '2023-12-14 02:06:17', '2023-12-14 02:06:17'),
(278, 5, 83, 1, '100.00', 0, '2023-12-14 02:06:17', '2023-12-14 02:06:17'),
(279, 2, 83, 1, '100.00', 0, '2023-12-14 02:06:18', '2023-12-14 02:06:18'),
(280, 7, 84, 1, '50.00', 0, '2023-12-14 02:06:46', '2023-12-14 02:06:46'),
(281, 5, 84, 1, '100.00', 0, '2023-12-14 02:06:46', '2023-12-14 02:06:46'),
(282, 2, 84, 1, '100.00', 0, '2023-12-14 02:06:46', '2023-12-14 02:06:46'),
(283, 6, 85, 1, '100.00', 0, '2023-12-14 02:07:01', '2023-12-14 02:07:01'),
(284, 3, 85, 1, '100.00', 0, '2023-12-14 02:07:01', '2023-12-14 02:07:01'),
(285, 5, 86, 1, '100.00', 0, '2023-12-14 02:07:57', '2023-12-14 02:07:57'),
(286, 2, 86, 1, '100.00', 0, '2023-12-14 02:07:57', '2023-12-14 02:07:57'),
(287, 7, 87, 1, '50.00', 0, '2023-12-14 03:38:19', '2023-12-14 03:38:19'),
(288, 5, 87, 1, '100.00', 0, '2023-12-14 03:38:19', '2023-12-14 03:38:19'),
(289, 2, 87, 1, '100.00', 0, '2023-12-14 03:38:20', '2023-12-14 03:38:20'),
(290, 7, 88, 1, '50.00', 0, '2023-12-23 08:02:13', '2023-12-23 08:02:13'),
(291, 5, 88, 1, '100.00', 0, '2023-12-23 08:02:13', '2023-12-23 08:02:13'),
(292, 2, 88, 1, '100.00', 0, '2023-12-23 08:02:13', '2023-12-23 08:02:13'),
(293, 7, 89, 1, '50.00', 0, '2023-12-24 03:03:46', '2023-12-24 03:03:46'),
(294, 5, 89, 1, '100.00', 0, '2023-12-24 03:03:46', '2023-12-24 03:03:46'),
(295, 7, 90, 1, '50.00', 0, '2023-12-24 03:44:25', '2023-12-24 03:44:25'),
(296, 5, 90, 1, '100.00', 0, '2023-12-24 03:44:25', '2023-12-24 03:44:25'),
(297, 2, 90, 1, '100.00', 0, '2023-12-24 03:44:25', '2023-12-24 03:44:25'),
(298, 7, 91, 1, '50.00', 0, '2023-12-24 03:45:12', '2023-12-24 03:45:12'),
(299, 5, 91, 1, '100.00', 0, '2023-12-24 03:45:12', '2023-12-24 03:45:12'),
(300, 2, 91, 1, '100.00', 0, '2023-12-24 03:45:12', '2023-12-24 03:45:12'),
(301, 7, 92, 1, '50.00', 0, '2023-12-24 09:48:06', '2023-12-24 09:48:06'),
(302, 7, 93, 1, '50.00', 0, '2023-12-24 09:48:48', '2023-12-24 09:48:48'),
(303, 5, 93, 1, '100.00', 0, '2023-12-24 09:48:48', '2023-12-24 09:48:48'),
(304, 2, 93, 1, '100.00', 0, '2023-12-24 09:48:48', '2023-12-24 09:48:48'),
(305, 7, 94, 1, '50.00', 0, '2023-12-24 09:53:20', '2023-12-24 09:53:20'),
(306, 5, 94, 1, '100.00', 0, '2023-12-24 09:53:20', '2023-12-24 09:53:20'),
(307, 2, 94, 1, '100.00', 0, '2023-12-24 09:53:20', '2023-12-24 09:53:20'),
(308, 6, 94, 1, '100.00', 0, '2023-12-24 09:53:20', '2023-12-24 09:53:20'),
(309, 3, 94, 1, '100.00', 0, '2023-12-24 09:53:20', '2023-12-24 09:53:20'),
(310, 7, 95, 1, '50.00', 0, '2023-12-24 09:55:31', '2023-12-24 09:55:31'),
(311, 5, 95, 1, '100.00', 0, '2023-12-24 09:55:31', '2023-12-24 09:55:31'),
(312, 2, 95, 1, '100.00', 0, '2023-12-24 09:55:31', '2023-12-24 09:55:31'),
(313, 7, 96, 1, '50.00', 0, '2023-12-24 09:56:39', '2023-12-24 09:56:39'),
(314, 5, 96, 1, '100.00', 0, '2023-12-24 09:56:39', '2023-12-24 09:56:39'),
(315, 2, 96, 1, '100.00', 0, '2023-12-24 09:56:39', '2023-12-24 09:56:39'),
(316, 6, 96, 1, '100.00', 0, '2023-12-24 09:56:39', '2023-12-24 09:56:39'),
(317, 3, 96, 1, '100.00', 0, '2023-12-24 09:56:39', '2023-12-24 09:56:39'),
(318, 4, 96, 1, '100.00', 0, '2023-12-24 09:56:39', '2023-12-24 09:56:39'),
(319, 1, 96, 1, '100.00', 0, '2023-12-24 09:56:39', '2023-12-24 09:56:39'),
(320, 8, 96, 1, '20.00', 0, '2023-12-24 09:56:40', '2023-12-24 09:56:40'),
(321, 7, 97, 1, '50.00', 0, '2023-12-24 10:02:26', '2023-12-24 10:02:26'),
(322, 5, 97, 1, '100.00', 0, '2023-12-24 10:02:26', '2023-12-24 10:02:26'),
(323, 2, 97, 1, '100.00', 0, '2023-12-24 10:02:26', '2023-12-24 10:02:26'),
(324, 6, 97, 1, '100.00', 0, '2023-12-24 10:02:26', '2023-12-24 10:02:26'),
(325, 3, 97, 1, '100.00', 0, '2023-12-24 10:02:26', '2023-12-24 10:02:26'),
(326, 7, 98, 1, '50.00', 0, '2023-12-27 05:13:34', '2023-12-27 05:13:34'),
(327, 5, 98, 1, '100.00', 0, '2023-12-27 05:13:35', '2023-12-27 05:13:35'),
(328, 2, 98, 1, '100.00', 0, '2023-12-27 05:13:35', '2023-12-27 05:13:35'),
(329, 7, 99, 1, '50.00', 0, '2023-12-27 05:13:48', '2023-12-27 05:13:48'),
(330, 7, 100, 1, '50.00', 0, '2023-12-27 05:17:43', '2023-12-27 05:17:43'),
(331, 7, 101, 1, '50.00', 0, '2023-12-27 05:20:14', '2023-12-27 05:20:14'),
(332, 7, 102, 1, '50.00', 0, '2023-12-27 05:20:42', '2023-12-27 05:20:42'),
(333, 7, 103, 1, '50.00', 0, '2023-12-27 05:25:37', '2023-12-27 05:25:37'),
(334, 7, 104, 1, '50.00', 0, '2023-12-27 05:27:02', '2023-12-27 05:27:02'),
(335, 7, 105, 1, '50.00', 0, '2023-12-27 05:37:44', '2023-12-27 05:37:44'),
(336, 7, 106, 1, '50.00', 0, '2023-12-27 05:37:44', '2023-12-27 05:37:44'),
(337, 7, 107, 1, '50.00', 0, '2023-12-27 05:41:49', '2023-12-27 05:41:49'),
(338, 5, 107, 1, '100.00', 0, '2023-12-27 05:41:49', '2023-12-27 05:41:49'),
(339, 2, 107, 1, '100.00', 0, '2023-12-27 05:41:49', '2023-12-27 05:41:49'),
(340, 7, 108, 1, '50.00', 0, '2023-12-27 05:48:23', '2023-12-27 05:48:23'),
(341, 7, 109, 1, '50.00', 0, '2023-12-27 05:49:44', '2023-12-27 05:49:44'),
(342, 7, 110, 1, '50.00', 0, '2023-12-27 05:51:40', '2023-12-27 05:51:40'),
(343, 5, 110, 1, '100.00', 0, '2023-12-27 05:51:40', '2023-12-27 05:51:40'),
(344, 2, 110, 1, '100.00', 0, '2023-12-27 05:51:40', '2023-12-27 05:51:40'),
(345, 7, 111, 1, '50.00', 0, '2023-12-27 05:53:53', '2023-12-27 05:53:53'),
(346, 6, 111, 1, '100.00', 0, '2023-12-27 05:53:53', '2023-12-27 05:53:53'),
(347, 4, 111, 1, '100.00', 0, '2023-12-27 05:53:53', '2023-12-27 05:53:53'),
(348, 8, 111, 1, '20.00', 0, '2023-12-27 05:53:53', '2023-12-27 05:53:53'),
(349, 7, 112, 1, '50.00', 0, '2023-12-27 05:57:27', '2023-12-27 05:57:27'),
(350, 6, 112, 1, '100.00', 0, '2023-12-27 05:57:27', '2023-12-27 05:57:27'),
(351, 7, 113, 1, '50.00', 0, '2023-12-27 12:40:23', '2023-12-27 12:40:23'),
(352, 5, 113, 1, '100.00', 0, '2023-12-27 12:40:23', '2023-12-27 12:40:23'),
(353, 7, 114, 1, '50.00', 0, '2023-12-27 12:42:24', '2023-12-27 12:42:24'),
(354, 5, 114, 1, '100.00', 0, '2023-12-27 12:42:24', '2023-12-27 12:42:24'),
(355, 7, 115, 1, '50.00', 0, '2023-12-27 12:47:56', '2023-12-27 12:47:56'),
(356, 5, 115, 1, '100.00', 0, '2023-12-27 12:47:56', '2023-12-27 12:47:56'),
(357, 7, 116, 1, '50.00', 0, '2023-12-27 12:48:12', '2023-12-27 12:48:12'),
(358, 5, 116, 1, '100.00', 0, '2023-12-27 12:48:12', '2023-12-27 12:48:12'),
(359, 2, 116, 1, '100.00', 0, '2023-12-27 12:48:12', '2023-12-27 12:48:12'),
(360, 7, 117, 1, '50.00', 0, '2023-12-27 12:48:19', '2023-12-27 12:48:19'),
(361, 5, 117, 1, '100.00', 0, '2023-12-27 12:48:20', '2023-12-27 12:48:20'),
(362, 2, 117, 1, '100.00', 0, '2023-12-27 12:48:20', '2023-12-27 12:48:20'),
(363, 7, 118, 1, '50.00', 0, '2023-12-27 12:50:16', '2023-12-27 12:50:16'),
(364, 5, 118, 1, '100.00', 0, '2023-12-27 12:50:16', '2023-12-27 12:50:16'),
(365, 7, 119, 1, '50.00', 0, '2023-12-27 12:51:06', '2023-12-27 12:51:06'),
(366, 5, 119, 1, '100.00', 0, '2023-12-27 12:51:06', '2023-12-27 12:51:06'),
(367, 6, 120, 1, '100.00', 0, '2023-12-27 12:51:16', '2023-12-27 12:51:16'),
(368, 7, 120, 1, '50.00', 0, '2023-12-27 12:51:16', '2023-12-27 12:51:16'),
(369, 7, 121, 1, '50.00', 0, '2023-12-27 12:52:08', '2023-12-27 12:52:08'),
(370, 5, 121, 1, '100.00', 0, '2023-12-27 12:52:08', '2023-12-27 12:52:08'),
(371, 7, 122, 1, '50.00', 0, '2023-12-27 12:53:14', '2023-12-27 12:53:14'),
(372, 7, 123, 1, '50.00', 0, '2023-12-28 08:58:56', '2023-12-28 08:58:56'),
(373, 5, 123, 1, '100.00', 0, '2023-12-28 08:58:56', '2023-12-28 08:58:56'),
(374, 2, 123, 1, '100.00', 0, '2023-12-28 08:58:56', '2023-12-28 08:58:56'),
(375, 6, 123, 1, '100.00', 0, '2023-12-28 08:58:56', '2023-12-28 08:58:56'),
(376, 3, 123, 1, '100.00', 0, '2023-12-28 08:58:56', '2023-12-28 08:58:56'),
(377, 7, 124, 1, '50.00', 0, '2023-12-28 09:00:15', '2023-12-28 09:00:15'),
(378, 5, 124, 1, '100.00', 0, '2023-12-28 09:00:15', '2023-12-28 09:00:15'),
(379, 7, 125, 1, '50.00', 0, '2023-12-28 09:00:26', '2023-12-28 09:00:26'),
(380, 6, 125, 1, '100.00', 0, '2023-12-28 09:00:26', '2023-12-28 09:00:26'),
(381, 6, 126, 1, '100.00', 0, '2023-12-28 09:01:54', '2023-12-28 09:01:54'),
(382, 7, 126, 1, '50.00', 0, '2023-12-28 09:01:54', '2023-12-28 09:01:54'),
(383, 5, 126, 1, '100.00', 0, '2023-12-28 09:01:54', '2023-12-28 09:01:54'),
(384, 7, 127, 6, '300.00', 0, '2023-12-28 09:02:51', '2023-12-28 09:02:51'),
(385, 5, 127, 6, '600.00', 0, '2023-12-28 09:02:51', '2023-12-28 09:02:51'),
(386, 2, 127, 4, '400.00', 0, '2023-12-28 09:02:51', '2023-12-28 09:02:51'),
(387, 7, 128, 6, '300.00', 0, '2023-12-28 09:04:10', '2023-12-28 09:04:10'),
(388, 5, 128, 3, '300.00', 0, '2023-12-28 09:04:10', '2023-12-28 09:04:10'),
(389, 2, 128, 3, '300.00', 0, '2023-12-28 09:04:10', '2023-12-28 09:04:10'),
(390, 5, 129, 3, '300.00', 0, '2023-12-28 09:04:41', '2023-12-28 09:04:41'),
(391, 7, 129, 4, '200.00', 0, '2023-12-28 09:04:41', '2023-12-28 09:04:41'),
(392, 2, 129, 2, '200.00', 0, '2023-12-28 09:04:41', '2023-12-28 09:04:41'),
(393, 6, 129, 3, '300.00', 0, '2023-12-28 09:04:41', '2023-12-28 09:04:41'),
(394, 3, 129, 4, '400.00', 0, '2023-12-28 09:04:41', '2023-12-28 09:04:41'),
(395, 4, 129, 4, '400.00', 0, '2023-12-28 09:04:41', '2023-12-28 09:04:41'),
(396, 1, 129, 3, '300.00', 0, '2023-12-28 09:04:41', '2023-12-28 09:04:41'),
(397, 7, 130, 1, '50.00', 0, '2023-12-28 10:17:32', '2023-12-28 10:17:32'),
(398, 7, 131, 1, '50.00', 0, '2023-12-28 10:33:02', '2023-12-28 10:33:02'),
(399, 5, 131, 1, '100.00', 0, '2023-12-28 10:33:02', '2023-12-28 10:33:02'),
(400, 7, 132, 1, '50.00', 0, '2023-12-28 11:43:38', '2023-12-28 11:43:38'),
(401, 5, 132, 1, '100.00', 0, '2023-12-28 11:43:38', '2023-12-28 11:43:38'),
(402, 7, 133, 2, '100.00', 0, '2023-12-28 11:47:17', '2023-12-28 11:47:17'),
(403, 5, 133, 1, '100.00', 0, '2023-12-28 11:47:18', '2023-12-28 11:47:18'),
(404, 2, 133, 1, '100.00', 0, '2023-12-28 11:47:18', '2023-12-28 11:47:18'),
(405, 6, 133, 1, '100.00', 0, '2023-12-28 11:47:18', '2023-12-28 11:47:18'),
(406, 3, 133, 1, '100.00', 0, '2023-12-28 11:47:18', '2023-12-28 11:47:18'),
(407, 7, 134, 1, '50.00', 0, '2023-12-28 11:48:53', '2023-12-28 11:48:53'),
(408, 5, 134, 1, '100.00', 0, '2023-12-28 11:48:53', '2023-12-28 11:48:53'),
(409, 6, 134, 1, '100.00', 0, '2023-12-28 11:48:53', '2023-12-28 11:48:53'),
(410, 3, 134, 1, '100.00', 0, '2023-12-28 11:48:53', '2023-12-28 11:48:53'),
(411, 6, 135, 1, '100.00', 0, '2023-12-28 11:51:51', '2023-12-28 11:51:51'),
(412, 3, 135, 1, '100.00', 0, '2023-12-28 11:51:51', '2023-12-28 11:51:51'),
(413, 7, 135, 1, '50.00', 0, '2023-12-28 11:51:51', '2023-12-28 11:51:51'),
(414, 5, 135, 1, '100.00', 0, '2023-12-28 11:51:51', '2023-12-28 11:51:51'),
(415, 9, 136, 1, '137.00', 0, '2023-12-30 11:02:49', '2023-12-30 11:02:49'),
(416, 7, 136, 1, '50.00', 0, '2023-12-30 11:02:49', '2023-12-30 11:02:49'),
(417, 5, 136, 1, '100.00', 0, '2023-12-30 11:02:49', '2023-12-30 11:02:49'),
(418, 10, 137, 2, '1006.00', 0, '2023-12-30 11:03:37', '2023-12-30 11:03:37'),
(419, 9, 137, 2, '274.00', 0, '2023-12-30 11:03:37', '2023-12-30 11:03:37'),
(420, 7, 137, 2, '100.00', 0, '2023-12-30 11:03:37', '2023-12-30 11:03:37'),
(421, 7, 138, 1, '50.00', 0, '2023-12-30 11:03:53', '2023-12-30 11:03:53'),
(422, 5, 138, 1, '100.00', 0, '2023-12-30 11:03:53', '2023-12-30 11:03:53'),
(423, 2, 138, 1, '100.00', 0, '2023-12-30 11:03:54', '2023-12-30 11:03:54'),
(424, 10, 139, 1, '503.00', 0, '2024-01-05 15:43:20', '2024-01-05 15:43:20'),
(425, 9, 139, 1, '137.00', 0, '2024-01-05 15:43:20', '2024-01-05 15:43:20'),
(426, 7, 139, 1, '50.00', 0, '2024-01-05 15:43:20', '2024-01-05 15:43:20'),
(427, 5, 139, 1, '100.00', 0, '2024-01-05 15:43:20', '2024-01-05 15:43:20'),
(428, 2, 139, 1, '100.00', 0, '2024-01-05 15:43:21', '2024-01-05 15:43:21'),
(429, 6, 140, 1, '100.00', 0, '2024-01-05 15:43:36', '2024-01-05 15:43:36'),
(430, 3, 140, 1, '100.00', 0, '2024-01-05 15:43:36', '2024-01-05 15:43:36'),
(431, 4, 140, 1, '100.00', 0, '2024-01-05 15:43:36', '2024-01-05 15:43:36'),
(432, 1, 140, 1, '100.00', 0, '2024-01-05 15:43:36', '2024-01-05 15:43:36'),
(433, 8, 140, 1, '20.00', 0, '2024-01-05 15:43:36', '2024-01-05 15:43:36'),
(434, 10, 141, 1, '503.00', 0, '2024-01-05 18:25:49', '2024-01-05 18:25:49'),
(435, 9, 141, 1, '137.00', 0, '2024-01-05 18:25:49', '2024-01-05 18:25:49'),
(436, 7, 141, 1, '50.00', 0, '2024-01-05 18:25:49', '2024-01-05 18:25:49'),
(437, 10, 142, 1, '503.00', 0, '2024-01-09 18:35:39', '2024-01-09 18:35:39'),
(438, 9, 142, 1, '137.00', 0, '2024-01-09 18:35:39', '2024-01-09 18:35:39'),
(439, 7, 142, 1, '50.00', 0, '2024-01-09 18:35:39', '2024-01-09 18:35:39'),
(440, 5, 142, 1, '100.00', 0, '2024-01-09 18:35:39', '2024-01-09 18:35:39'),
(441, 7, 143, 1, '50.00', 0, '2024-01-09 18:36:03', '2024-01-09 18:36:03'),
(442, 5, 143, 1, '100.00', 0, '2024-01-09 18:36:03', '2024-01-09 18:36:03'),
(443, 10, 143, 1, '503.00', 0, '2024-01-09 18:36:03', '2024-01-09 18:36:03'),
(444, 9, 144, 1, '137.00', 0, '2024-01-09 18:37:09', '2024-01-09 18:37:09'),
(445, 6, 144, 1, '100.00', 0, '2024-01-09 18:37:10', '2024-01-09 18:37:10'),
(446, 3, 144, 1, '100.00', 0, '2024-01-09 18:37:10', '2024-01-09 18:37:10'),
(447, 10, 145, 1, '503.00', 0, '2024-01-09 18:38:20', '2024-01-09 18:38:20'),
(448, 7, 145, 1, '50.00', 0, '2024-01-09 18:38:20', '2024-01-09 18:38:20'),
(449, 5, 145, 1, '100.00', 0, '2024-01-09 18:38:21', '2024-01-09 18:38:21'),
(450, 2, 145, 1, '100.00', 0, '2024-01-09 18:38:21', '2024-01-09 18:38:21'),
(451, 10, 146, 1, '503.00', 0, '2024-01-09 18:39:10', '2024-01-09 18:39:10'),
(452, 9, 146, 1, '137.00', 0, '2024-01-09 18:39:10', '2024-01-09 18:39:10'),
(453, 10, 147, 1, '503.00', 0, '2024-01-11 14:22:25', '2024-01-11 14:22:25'),
(454, 9, 147, 1, '137.00', 0, '2024-01-11 14:22:25', '2024-01-11 14:22:25'),
(455, 10, 148, 1, '503.00', 0, '2024-01-11 14:22:43', '2024-01-11 14:22:43'),
(456, 9, 148, 1, '137.00', 0, '2024-01-11 14:22:43', '2024-01-11 14:22:43'),
(457, 10, 149, 1, '503.00', 0, '2024-01-11 17:11:26', '2024-01-11 17:11:26'),
(458, 9, 149, 1, '137.00', 0, '2024-01-11 17:11:26', '2024-01-11 17:11:26'),
(459, 10, 150, 1, '503.00', 0, '2024-01-11 17:12:58', '2024-01-11 17:12:58'),
(460, 9, 150, 1, '137.00', 0, '2024-01-11 17:12:58', '2024-01-11 17:12:58'),
(461, 7, 150, 1, '50.00', 0, '2024-01-11 17:12:59', '2024-01-11 17:12:59'),
(462, 4, 150, 1, '100.00', 0, '2024-01-11 17:12:59', '2024-01-11 17:12:59'),
(463, 1, 150, 1, '100.00', 0, '2024-01-11 17:12:59', '2024-01-11 17:12:59'),
(464, 10, 151, 1, '503.00', 0, '2024-02-08 14:11:53', '2024-02-08 14:11:53'),
(465, 9, 151, 1, '137.00', 0, '2024-02-08 14:11:53', '2024-02-08 14:11:53'),
(466, 7, 151, 1, '50.00', 0, '2024-02-08 14:11:53', '2024-02-08 14:11:53'),
(467, 9, 152, 1, '137.00', 0, '2024-02-08 14:12:16', '2024-02-08 14:12:16'),
(468, 10, 153, 1, '503.00', 0, '2024-02-08 14:13:00', '2024-02-08 14:13:00'),
(469, 9, 153, 1, '137.00', 0, '2024-02-08 14:13:01', '2024-02-08 14:13:01'),
(470, 10, 154, 1, '503.00', 0, '2024-02-08 14:14:31', '2024-02-08 14:14:31'),
(471, 9, 154, 1, '137.00', 0, '2024-02-08 14:14:31', '2024-02-08 14:14:31'),
(472, 10, 155, 1, '503.00', 1, '2024-02-09 06:48:29', '2024-02-09 06:48:29'),
(473, 9, 155, 1, '137.00', 1, '2024-02-09 06:48:29', '2024-02-09 06:48:29'),
(474, 7, 155, 1, '50.00', 1, '2024-02-09 06:48:29', '2024-02-09 06:48:29'),
(475, 7, 156, 2, '100.00', 0, '2024-02-09 06:49:07', '2024-02-09 06:49:07'),
(476, 2, 156, 1, '100.00', 0, '2024-02-09 06:49:07', '2024-02-09 06:49:07'),
(477, 9, 156, 1, '137.00', 0, '2024-02-09 06:49:07', '2024-02-09 06:49:07'),
(478, 10, 157, 1, '503.00', 0, '2024-02-11 21:23:11', '2024-02-11 21:23:11'),
(479, 9, 157, 1, '137.00', 0, '2024-02-11 21:23:11', '2024-02-11 21:23:11'),
(480, 7, 157, 1, '50.00', 0, '2024-02-11 21:23:11', '2024-02-11 21:23:11'),
(481, 10, 158, 1, '503.00', 0, '2024-02-11 21:23:20', '2024-02-11 21:23:20'),
(482, 9, 158, 1, '137.00', 0, '2024-02-11 21:23:20', '2024-02-11 21:23:20'),
(483, 7, 158, 1, '50.00', 0, '2024-02-11 21:23:20', '2024-02-11 21:23:20'),
(484, 6, 159, 1, '100.00', 0, '2024-02-11 21:23:44', '2024-02-11 21:23:44'),
(485, 3, 159, 1, '100.00', 0, '2024-02-11 21:23:44', '2024-02-11 21:23:44'),
(486, 10, 160, 1, '503.00', 0, '2024-02-11 21:38:47', '2024-02-11 21:38:47'),
(487, 9, 160, 1, '137.00', 0, '2024-02-11 21:38:47', '2024-02-11 21:38:47'),
(488, 7, 160, 1, '50.00', 0, '2024-02-11 21:38:47', '2024-02-11 21:38:47'),
(489, 10, 161, 1, '503.00', 0, '2024-02-11 21:38:54', '2024-02-11 21:38:54'),
(490, 9, 161, 1, '137.00', 0, '2024-02-11 21:38:55', '2024-02-11 21:38:55'),
(491, 7, 161, 1, '50.00', 0, '2024-02-11 21:38:55', '2024-02-11 21:38:55'),
(492, 10, 162, 1, '503.00', 0, '2024-02-11 21:39:35', '2024-02-11 21:39:35'),
(493, 9, 162, 1, '137.00', 0, '2024-02-11 21:39:35', '2024-02-11 21:39:35'),
(494, 7, 162, 1, '50.00', 0, '2024-02-11 21:39:35', '2024-02-11 21:39:35'),
(495, 10, 163, 1, '503.00', 0, '2024-02-11 21:40:10', '2024-02-11 21:40:10'),
(496, 9, 163, 1, '137.00', 0, '2024-02-11 21:40:10', '2024-02-11 21:40:10'),
(497, 2, 164, 6, '600.00', 0, '2024-05-21 14:04:39', '2024-05-21 14:04:39'),
(498, 3, 164, 2, '200.00', 0, '2024-05-21 14:04:39', '2024-05-21 14:04:39'),
(499, 8, 164, 4, '80.00', 0, '2024-05-21 14:04:39', '2024-05-21 14:04:39'),
(500, 5, 165, 1, '100.00', 0, '2024-05-22 14:54:07', '2024-05-22 14:54:07'),
(501, 7, 165, 1, '50.00', 0, '2024-05-22 14:54:07', '2024-05-22 14:54:07'),
(502, 6, 165, 1, '100.00', 0, '2024-05-22 14:54:07', '2024-05-22 14:54:07'),
(503, 8, 165, 1, '20.00', 0, '2024-05-22 14:54:07', '2024-05-22 14:54:07'),
(504, 9, 166, 6, '822.00', 1, '2024-05-22 14:55:25', '2024-05-22 14:55:25'),
(505, 10, 166, 6, '3018.00', 1, '2024-05-22 14:55:25', '2024-05-22 14:55:25'),
(506, 4, 166, 6, '600.00', 1, '2024-05-22 14:55:25', '2024-05-22 14:55:25'),
(507, 2, 167, 10, '1000.00', 0, '2024-06-01 15:44:45', '2024-06-01 15:44:45'),
(508, 3, 167, 2, '200.00', 0, '2024-06-01 15:44:45', '2024-06-01 15:44:45'),
(509, 6, 167, 1, '100.00', 0, '2024-06-01 15:44:45', '2024-06-01 15:44:45'),
(510, 1, 167, 1, '100.00', 0, '2024-06-01 15:44:45', '2024-06-01 15:44:45'),
(511, 4, 167, 1, '100.00', 0, '2024-06-01 15:44:45', '2024-06-01 15:44:45'),
(512, 5, 168, 1, '100.00', 0, '2024-06-05 15:15:58', '2024-06-05 15:15:58'),
(513, 2, 168, 1, '100.00', 0, '2024-06-05 15:15:58', '2024-06-05 15:15:58'),
(514, 10, 169, 1, '503.00', 0, '2024-06-05 15:24:01', '2024-06-05 15:24:01'),
(515, 10, 170, 1, '503.00', 0, '2024-06-05 15:27:22', '2024-06-05 15:27:22');

-- --------------------------------------------------------

--
-- Table structure for table `order_types`
--

CREATE TABLE `order_types` (
  `id` bigint(20) UNSIGNED NOT NULL,
  `name` varchar(255) COLLATE utf8mb4_unicode_ci NOT NULL,
  `created_at` timestamp NULL DEFAULT NULL,
  `updated_at` timestamp NULL DEFAULT NULL
) ENGINE=InnoDB DEFAULT CHARSET=utf8mb4 COLLATE=utf8mb4_unicode_ci;

--
-- Dumping data for table `order_types`
--

INSERT INTO `order_types` (`id`, `name`, `created_at`, `updated_at`) VALUES
(1, 'محلي', NULL, NULL),
(2, 'سفري', NULL, NULL);

-- --------------------------------------------------------

--
-- Table structure for table `password_resets`
--

CREATE TABLE `password_resets` (
  `email` varchar(255) COLLATE utf8mb4_unicode_ci NOT NULL,
  `token` varchar(255) COLLATE utf8mb4_unicode_ci NOT NULL,
  `created_at` timestamp NULL DEFAULT NULL
) ENGINE=InnoDB DEFAULT CHARSET=utf8mb4 COLLATE=utf8mb4_unicode_ci;

-- --------------------------------------------------------

--
-- Table structure for table `payments`
--

CREATE TABLE `payments` (
  `id` bigint(20) UNSIGNED NOT NULL,
  `method` varchar(255) COLLATE utf8mb4_unicode_ci NOT NULL,
  `created_at` timestamp NULL DEFAULT NULL,
  `updated_at` timestamp NULL DEFAULT NULL
) ENGINE=InnoDB DEFAULT CHARSET=utf8mb4 COLLATE=utf8mb4_unicode_ci;

--
-- Dumping data for table `payments`
--

INSERT INTO `payments` (`id`, `method`, `created_at`, `updated_at`) VALUES
(1, 'كاش', '2021-03-10 17:26:07', '2021-03-10 17:27:49'),
(2, 'بنكك', '2021-03-10 17:29:10', '2021-03-10 17:29:10');

-- --------------------------------------------------------

--
-- Table structure for table `personal_access_tokens`
--

CREATE TABLE `personal_access_tokens` (
  `id` bigint(20) UNSIGNED NOT NULL,
  `tokenable_type` varchar(255) COLLATE utf8mb4_unicode_ci NOT NULL,
  `tokenable_id` bigint(20) UNSIGNED NOT NULL,
  `name` varchar(255) COLLATE utf8mb4_unicode_ci NOT NULL,
  `token` varchar(64) COLLATE utf8mb4_unicode_ci NOT NULL,
  `abilities` text COLLATE utf8mb4_unicode_ci DEFAULT NULL,
  `last_used_at` timestamp NULL DEFAULT NULL,
  `expires_at` timestamp NULL DEFAULT NULL,
  `created_at` timestamp NULL DEFAULT NULL,
  `updated_at` timestamp NULL DEFAULT NULL
) ENGINE=InnoDB DEFAULT CHARSET=utf8mb4 COLLATE=utf8mb4_unicode_ci;

-- --------------------------------------------------------

--
-- Table structure for table `purchase_items`
--

CREATE TABLE `purchase_items` (
  `id` bigint(20) UNSIGNED NOT NULL,
  `stock_id` bigint(20) UNSIGNED NOT NULL,
  `ingredient_id` bigint(20) UNSIGNED NOT NULL,
  `unit_id` bigint(20) UNSIGNED NOT NULL,
  `purchase_id` bigint(20) UNSIGNED NOT NULL,
  `quantity` double NOT NULL,
  `subtotal` double NOT NULL,
  `created_at` timestamp NULL DEFAULT NULL,
  `updated_at` timestamp NULL DEFAULT NULL
) ENGINE=InnoDB DEFAULT CHARSET=utf8mb4 COLLATE=utf8mb4_unicode_ci;

--
-- Dumping data for table `purchase_items`
--

INSERT INTO `purchase_items` (`id`, `stock_id`, `ingredient_id`, `unit_id`, `purchase_id`, `quantity`, `subtotal`, `created_at`, `updated_at`) VALUES
(1, 1, 1, 1, 1, 100, 100000, '2024-02-08 09:21:24', '2024-02-08 09:21:24'),
(3, 1, 1, 1, 3, 80, 80000, '2024-02-08 11:28:59', '2024-02-08 11:28:59'),
(4, 2, 3, 1, 4, 100, 738272, '2024-02-08 11:30:10', '2024-02-08 11:30:10'),
(5, 3, 5, 1, 4, 77, 65778, '2024-02-08 11:30:10', '2024-02-08 11:30:10'),
(6, 1, 1, 1, 5, 100, 1000000, '2024-05-22 15:02:22', '2024-05-22 15:02:22'),
(7, 1, 1, 1, 6, 100, 100000, '2024-06-01 15:48:57', '2024-06-01 15:48:57'),
(8, 4, 2, 1, 6, 20, 20000, '2024-06-01 15:48:57', '2024-06-01 15:48:57'),
(9, 2, 3, 1, 6, 20, 20000, '2024-06-01 15:48:57', '2024-06-01 15:48:57');

-- --------------------------------------------------------

--
-- Table structure for table `purchase_orders`
--

CREATE TABLE `purchase_orders` (
  `id` bigint(20) UNSIGNED NOT NULL,
  `total_price` decimal(10,2) NOT NULL,
  `quantity` int(11) NOT NULL,
  `user_id` bigint(20) UNSIGNED NOT NULL,
  `created_at` timestamp NULL DEFAULT NULL,
  `updated_at` timestamp NULL DEFAULT NULL,
  `supplier_id` bigint(20) UNSIGNED NOT NULL,
  `invoice_number` int(11) DEFAULT NULL
) ENGINE=InnoDB DEFAULT CHARSET=utf8mb4 COLLATE=utf8mb4_unicode_ci;

--
-- Dumping data for table `purchase_orders`
--

INSERT INTO `purchase_orders` (`id`, `total_price`, `quantity`, `user_id`, `created_at`, `updated_at`, `supplier_id`, `invoice_number`) VALUES
(1, '100000.00', 100, 4, '2024-02-08 09:21:24', '2024-02-08 09:21:24', 1, 56434),
(3, '80000.00', 80, 4, '2024-02-08 11:28:59', '2024-02-08 11:28:59', 1, 65657),
(4, '804050.00', 177, 4, '2024-02-08 11:30:10', '2024-02-08 11:30:10', 1, 7678),
(5, '1000000.00', 100, 4, '2024-05-22 15:02:22', '2024-05-22 15:02:22', 1, 1125454),
(6, '140000.00', 140, 4, '2024-06-01 15:48:57', '2024-06-01 15:48:57', 1, 465954);

-- --------------------------------------------------------

--
-- Table structure for table `requirements`
--

CREATE TABLE `requirements` (
  `id` bigint(20) UNSIGNED NOT NULL,
  `quantity` double NOT NULL,
  `total_price` double NOT NULL,
  `requirement_type_id` bigint(20) UNSIGNED NOT NULL,
  `unit_id` bigint(20) UNSIGNED NOT NULL,
  `created_at` timestamp NULL DEFAULT NULL,
  `updated_at` timestamp NULL DEFAULT NULL,
  `deleted_at` timestamp NULL DEFAULT NULL
) ENGINE=InnoDB DEFAULT CHARSET=utf8mb4 COLLATE=utf8mb4_unicode_ci;

--
-- Dumping data for table `requirements`
--

INSERT INTO `requirements` (`id`, `quantity`, `total_price`, `requirement_type_id`, `unit_id`, `created_at`, `updated_at`, `deleted_at`) VALUES
(1, 919, 974, 1, 1, '2023-12-24 07:42:37', '2023-12-24 07:58:08', '2023-12-24 07:58:08'),
(2, 919, 974, 1, 1, '2023-12-24 07:49:57', '2023-12-24 07:57:18', '2023-12-24 07:57:18'),
(3, 919, 974, 1, 1, '2023-12-24 07:50:22', '2023-12-24 07:56:27', '2023-12-24 07:56:27'),
(4, 300, 30000, 1, 1, '2023-12-24 07:58:18', '2023-12-24 11:59:13', NULL),
(5, 254, 256, 1, 1, '2023-12-24 07:58:35', '2023-12-24 08:00:37', '2023-12-24 08:00:37'),
(6, 449, 346, 1, 1, '2023-12-24 08:00:22', '2023-12-24 08:00:32', '2023-12-24 08:00:32'),
(7, 100, 200000, 1, 1, '2024-05-22 15:04:23', '2024-05-22 15:04:23', NULL);

-- --------------------------------------------------------

--
-- Table structure for table `requirement_types`
--

CREATE TABLE `requirement_types` (
  `id` bigint(20) UNSIGNED NOT NULL,
  `name` varchar(255) COLLATE utf8mb4_unicode_ci NOT NULL,
  `created_at` timestamp NULL DEFAULT NULL,
  `updated_at` timestamp NULL DEFAULT NULL
) ENGINE=InnoDB DEFAULT CHARSET=utf8mb4 COLLATE=utf8mb4_unicode_ci;

--
-- Dumping data for table `requirement_types`
--

INSERT INTO `requirement_types` (`id`, `name`, `created_at`, `updated_at`) VALUES
(1, 'سكر', '2023-12-24 04:13:58', '2023-12-25 06:36:42');

-- --------------------------------------------------------

--
-- Table structure for table `requirment_changes`
--

CREATE TABLE `requirment_changes` (
  `id` bigint(20) UNSIGNED NOT NULL,
  `requirement_id` bigint(20) UNSIGNED NOT NULL,
  `quantity` double NOT NULL,
  `total_price` double NOT NULL,
  `requirement_type_id` bigint(20) UNSIGNED NOT NULL,
  `unit_id` bigint(20) UNSIGNED NOT NULL,
  `created_at` timestamp NULL DEFAULT NULL,
  `updated_at` timestamp NULL DEFAULT NULL
) ENGINE=InnoDB DEFAULT CHARSET=utf8mb4 COLLATE=utf8mb4_unicode_ci;

--
-- Dumping data for table `requirment_changes`
--

INSERT INTO `requirment_changes` (`id`, `requirement_id`, `quantity`, `total_price`, `requirement_type_id`, `unit_id`, `created_at`, `updated_at`) VALUES
(2, 4, 300, 256, 1, 1, '2023-12-24 11:58:46', '2023-12-24 11:58:46'),
(3, 4, 200, 20000, 1, 1, '2023-12-24 11:59:13', '2023-12-24 11:59:13');

-- --------------------------------------------------------

--
-- Table structure for table `roles`
--

CREATE TABLE `roles` (
  `id` bigint(20) UNSIGNED NOT NULL,
  `role` varchar(255) COLLATE utf8mb4_unicode_ci NOT NULL,
  `created_at` timestamp NULL DEFAULT NULL,
  `updated_at` timestamp NULL DEFAULT NULL
) ENGINE=InnoDB DEFAULT CHARSET=utf8mb4 COLLATE=utf8mb4_unicode_ci;

--
-- Dumping data for table `roles`
--

INSERT INTO `roles` (`id`, `role`, `created_at`, `updated_at`) VALUES
(1, 'user', '2021-03-01 13:28:14', '2021-03-01 13:28:14'),
(2, 'admin', '2021-03-01 13:28:14', '2021-03-01 13:28:14'),
(3, 'stockeeper', '2021-03-01 13:28:14', '2021-03-01 13:28:14');

-- --------------------------------------------------------

--
-- Table structure for table `settings`
--

CREATE TABLE `settings` (
  `id` bigint(20) UNSIGNED NOT NULL,
  `name` varchar(255) COLLATE utf8mb4_unicode_ci NOT NULL,
  `created_at` timestamp NULL DEFAULT NULL,
  `updated_at` timestamp NULL DEFAULT NULL
) ENGINE=InnoDB DEFAULT CHARSET=utf8mb4 COLLATE=utf8mb4_unicode_ci;

--
-- Dumping data for table `settings`
--

INSERT INTO `settings` (`id`, `name`, `created_at`, `updated_at`) VALUES
(1, 'علي الفحم', '2021-03-03 15:10:27', '2024-06-05 15:15:37');

-- --------------------------------------------------------

--
-- Table structure for table `stocks`
--

CREATE TABLE `stocks` (
  `id` bigint(20) UNSIGNED NOT NULL,
  `ingredient_id` bigint(20) UNSIGNED NOT NULL,
  `quantity` int(11) NOT NULL,
  `total_price` double(10,2) NOT NULL,
  `unit_price` decimal(10,2) NOT NULL DEFAULT 0.00,
  `unit_id` bigint(20) UNSIGNED NOT NULL,
  `created_at` timestamp NULL DEFAULT NULL,
  `updated_at` timestamp NULL DEFAULT NULL
) ENGINE=InnoDB DEFAULT CHARSET=utf8mb4 COLLATE=utf8mb4_unicode_ci;

--
-- Dumping data for table `stocks`
--

INSERT INTO `stocks` (`id`, `ingredient_id`, `quantity`, `total_price`, `unit_price`, `unit_id`, `created_at`, `updated_at`) VALUES
(1, 1, 380, 100000.00, '1000.00', 1, '2024-02-08 09:21:24', '2024-06-01 15:48:57'),
(2, 3, 122, 20000.00, '1000.00', 1, '2024-02-08 11:30:10', '2024-06-01 15:48:57'),
(3, 5, 77, 65778.00, '854.26', 1, '2024-02-08 11:30:10', '2024-02-08 11:30:10'),
(4, 2, 20, 20000.00, '1000.00', 1, '2024-06-01 15:48:57', '2024-06-01 15:48:57');

-- --------------------------------------------------------

--
-- Table structure for table `suppliers`
--

CREATE TABLE `suppliers` (
  `id` bigint(20) UNSIGNED NOT NULL,
  `name` varchar(255) COLLATE utf8mb4_unicode_ci NOT NULL,
  `created_at` timestamp NULL DEFAULT NULL,
  `updated_at` timestamp NULL DEFAULT NULL
) ENGINE=InnoDB DEFAULT CHARSET=utf8mb4 COLLATE=utf8mb4_unicode_ci;

--
-- Dumping data for table `suppliers`
--

INSERT INTO `suppliers` (`id`, `name`, `created_at`, `updated_at`) VALUES
(1, 'علي محمد علي عثمان', '2024-02-08 07:59:56', '2024-02-08 08:01:29');

-- --------------------------------------------------------

--
-- Table structure for table `units`
--

CREATE TABLE `units` (
  `id` bigint(20) UNSIGNED NOT NULL,
  `unit` varchar(255) COLLATE utf8mb4_unicode_ci NOT NULL,
  `created_at` timestamp NULL DEFAULT NULL,
  `updated_at` timestamp NULL DEFAULT NULL
) ENGINE=InnoDB DEFAULT CHARSET=utf8mb4 COLLATE=utf8mb4_unicode_ci;

--
-- Dumping data for table `units`
--

INSERT INTO `units` (`id`, `unit`, `created_at`, `updated_at`) VALUES
(1, 'كيلو', '2021-03-03 15:24:44', '2023-12-25 07:15:28'),
(2, 'باكيت', '2021-03-03 15:28:24', '2021-03-03 15:28:24'),
(3, 'ملي', '2021-03-03 15:28:46', '2021-03-03 15:28:46'),
(4, 'جرام', '2021-03-03 16:30:59', '2021-03-03 16:30:59');

-- --------------------------------------------------------

--
-- Table structure for table `users`
--

CREATE TABLE `users` (
  `id` bigint(20) UNSIGNED NOT NULL,
  `name` varchar(255) COLLATE utf8mb4_unicode_ci NOT NULL,
  `email` varchar(255) COLLATE utf8mb4_unicode_ci NOT NULL,
  `email_verified_at` timestamp NULL DEFAULT NULL,
  `password` varchar(255) COLLATE utf8mb4_unicode_ci NOT NULL,
  `role_id` bigint(20) UNSIGNED NOT NULL,
  `active` tinyint(4) NOT NULL DEFAULT 1,
  `remember_token` varchar(100) COLLATE utf8mb4_unicode_ci DEFAULT NULL,
  `created_at` timestamp NULL DEFAULT NULL,
  `updated_at` timestamp NULL DEFAULT NULL
) ENGINE=InnoDB DEFAULT CHARSET=utf8mb4 COLLATE=utf8mb4_unicode_ci;

--
-- Dumping data for table `users`
--

INSERT INTO `users` (`id`, `name`, `email`, `email_verified_at`, `password`, `role_id`, `active`, `remember_token`, `created_at`, `updated_at`) VALUES
(1, 'mod47387', 'mod47387@yahoo.com', NULL, '$2y$10$epTecdXxOLsdivQg7ch4Neav/v0eNuHje7s.c5mT95KzySA1AnDee', 2, 1, 'gTLwieXbMdoy7MOljabf4g2w2wJPIyspzitGr3qnjNmjEXBkZMC8zEPJ9HBu', '2021-03-01 14:38:39', '2021-03-02 21:56:32'),
(2, 'مدثر سمير', 'mod47387@gmail.com', NULL, '$2y$10$zvKlhLNxPBmSPsvgJ2pGeu208KRoFkGTRBlP334a5jTMSbDdFTTfm', 3, 1, NULL, '2021-03-07 08:23:18', '2023-12-24 07:02:05'),
(3, 'الشيخ عباس', 'abbas@gmail.com', NULL, '$2y$10$ts0zyDHjru8wAxRMgYVLzev4ycmObggV68sdJ583gBmTNFmSqh4Hm', 1, 1, 'aYzIsXAgwTtERVZzNj4T6IoOvFvRlkFiamh8gLVIgYYgeCxKVZ12pFEZ9Jqb', '2021-03-07 14:48:53', '2023-12-14 02:05:00'),
(4, 'admin', 'admin@rms.com', NULL, '$2y$10$ZNEXWK1oOjr0C.kjbfSTB.qlaotYElzeJWh57hpJocDgxRlDBiJui', 2, 1, NULL, '2021-10-03 04:30:43', '2021-10-03 04:30:43'),
(5, 'Beck Parks', 'user@store.com', NULL, '$2y$10$GgM1qXmiXpcHzeMiMCJiHO8RPhMyyEHTO9KJIZDI5XY9XS4maHBk6', 3, 1, NULL, '2023-12-13 10:48:28', '2023-12-13 10:48:28');

-- --------------------------------------------------------

--
-- Table structure for table `websockets_statistics_entries`
--

CREATE TABLE `websockets_statistics_entries` (
  `id` int(10) UNSIGNED NOT NULL,
  `app_id` varchar(255) COLLATE utf8mb4_unicode_ci NOT NULL,
  `peak_connection_count` int(11) NOT NULL,
  `websocket_message_count` int(11) NOT NULL,
  `api_message_count` int(11) NOT NULL,
  `created_at` timestamp NULL DEFAULT NULL,
  `updated_at` timestamp NULL DEFAULT NULL
) ENGINE=InnoDB DEFAULT CHARSET=utf8mb4 COLLATE=utf8mb4_unicode_ci;

--
-- Indexes for dumped tables
--

--
-- Indexes for table `advances`
--
ALTER TABLE `advances`
  ADD PRIMARY KEY (`id`),
  ADD KEY `advances_employee_id_foreign` (`employee_id`);

--
-- Indexes for table `attendances`
--
ALTER TABLE `attendances`
  ADD PRIMARY KEY (`id`),
  ADD KEY `attendances_employee_id_foreign` (`employee_id`),
  ADD KEY `attendances_created_at_idx` (`created_at`),
  ADD KEY `attendances_employee_created_idx` (`employee_id`,`created_at`);

--
-- Indexes for table `daily_consumptions`
--
ALTER TABLE `daily_consumptions`
  ADD PRIMARY KEY (`id`),
  ADD KEY `daily_consumptions_stock_id_foreign` (`stock_id`),
  ADD KEY `daily_consumptions_created_at_idx` (`created_at`),
  ADD KEY `daily_consumptions_stock_created_idx` (`stock_id`,`created_at`);

--
-- Indexes for table `daily_expenses`
--
ALTER TABLE `daily_expenses`
  ADD PRIMARY KEY (`id`),
  ADD KEY `daily_expenses_expense_type_id_foreign` (`expense_type_id`),
  ADD KEY `daily_expenses_user_id_foreign` (`user_id`),
  ADD KEY `daily_expenses_created_at_idx` (`created_at`),
  ADD KEY `daily_expenses_user_created_idx` (`user_id`,`created_at`),
  ADD KEY `daily_expenses_expense_created_idx` (`expense_type_id`,`created_at`);

--
-- Indexes for table `employees`
--
ALTER TABLE `employees`
  ADD PRIMARY KEY (`id`);

--
-- Indexes for table `expense_changes`
--
ALTER TABLE `expense_changes`
  ADD PRIMARY KEY (`id`),
  ADD KEY `expense_changes_daily_expense_id_foreign` (`daily_expense_id`),
  ADD KEY `expense_changes_expense_type_id_foreign` (`expense_type_id`),
  ADD KEY `expense_changes_user_id_foreign` (`user_id`);

--
-- Indexes for table `expense_types`
--
ALTER TABLE `expense_types`
  ADD PRIMARY KEY (`id`);

--
-- Indexes for table `failed_jobs`
--
ALTER TABLE `failed_jobs`
  ADD PRIMARY KEY (`id`);

--
-- Indexes for table `ingredients`
--
ALTER TABLE `ingredients`
  ADD PRIMARY KEY (`id`);

--
-- Indexes for table `items`
--
ALTER TABLE `items`
  ADD PRIMARY KEY (`id`),
  ADD KEY `items_item_type_id_foreign` (`item_type_id`),
  ADD KEY `items_ingredient_id_foreign` (`ingredient_id`);

--
-- Indexes for table `item_types`
--
ALTER TABLE `item_types`
  ADD PRIMARY KEY (`id`);

--
-- Indexes for table `migrations`
--
ALTER TABLE `migrations`
  ADD PRIMARY KEY (`id`);

--
-- Indexes for table `orders`
--
ALTER TABLE `orders`
  ADD PRIMARY KEY (`id`),
  ADD KEY `orders_user_id_foreign` (`user_id`),
  ADD KEY `orders_payment_id_foreign` (`payment_id`),
  ADD KEY `orders_order_type_id_foreign` (`order_type_id`),
  ADD KEY `orders_created_at_idx` (`created_at`),
  ADD KEY `orders_returned_created_idx` (`returned`,`created_at`),
  ADD KEY `orders_user_created_idx` (`user_id`,`created_at`),
  ADD KEY `orders_status_created_idx` (`status`,`created_at`),
  ADD KEY `orders_payment_created_idx` (`payment_id`,`created_at`);

--
-- Indexes for table `order_details`
--
ALTER TABLE `order_details`
  ADD PRIMARY KEY (`id`),
  ADD KEY `order_details_order_id_foreign` (`order_id`),
  ADD KEY `order_details_item_id_foreign` (`item_id`),
  ADD KEY `order_details_created_at_idx` (`created_at`),
  ADD KEY `order_details_order_created_idx` (`order_id`,`created_at`),
  ADD KEY `order_details_item_created_idx` (`item_id`,`created_at`);

--
-- Indexes for table `order_types`
--
ALTER TABLE `order_types`
  ADD PRIMARY KEY (`id`);

--
-- Indexes for table `password_resets`
--
ALTER TABLE `password_resets`
  ADD KEY `password_resets_email_index` (`email`);

--
-- Indexes for table `payments`
--
ALTER TABLE `payments`
  ADD PRIMARY KEY (`id`);

--
-- Indexes for table `personal_access_tokens`
--
ALTER TABLE `personal_access_tokens`
  ADD PRIMARY KEY (`id`),
  ADD UNIQUE KEY `personal_access_tokens_token_unique` (`token`),
  ADD KEY `personal_access_tokens_tokenable_type_tokenable_id_index` (`tokenable_type`,`tokenable_id`);

--
-- Indexes for table `purchase_items`
--
ALTER TABLE `purchase_items`
  ADD PRIMARY KEY (`id`),
  ADD KEY `purchase_items_stock_id_foreign` (`stock_id`),
  ADD KEY `purchase_items_ingredient_id_foreign` (`ingredient_id`),
  ADD KEY `purchase_items_unit_id_foreign` (`unit_id`),
  ADD KEY `purchase_items_purchase_id_foreign` (`purchase_id`),
  ADD KEY `purchase_items_created_at_idx` (`created_at`),
  ADD KEY `purchase_items_purchase_created_idx` (`purchase_id`,`created_at`),
  ADD KEY `purchase_items_ingredient_created_idx` (`ingredient_id`,`created_at`);

--
-- Indexes for table `purchase_orders`
--
ALTER TABLE `purchase_orders`
  ADD PRIMARY KEY (`id`),
  ADD KEY `purchase_orders_user_id_foreign` (`user_id`),
  ADD KEY `purchase_orders_supplier_id_foreign` (`supplier_id`),
  ADD KEY `purchase_orders_created_at_idx` (`created_at`),
  ADD KEY `purchase_orders_supplier_created_idx` (`supplier_id`,`created_at`);

--
-- Indexes for table `requirements`
--
ALTER TABLE `requirements`
  ADD PRIMARY KEY (`id`),
  ADD KEY `requirements_requirement_type_id_foreign` (`requirement_type_id`),
  ADD KEY `requirements_unit_id_foreign` (`unit_id`),
  ADD KEY `requirements_created_at_idx` (`created_at`),
  ADD KEY `requirements_type_created_idx` (`requirement_type_id`,`created_at`);

--
-- Indexes for table `requirement_types`
--
ALTER TABLE `requirement_types`
  ADD PRIMARY KEY (`id`);

--
-- Indexes for table `requirment_changes`
--
ALTER TABLE `requirment_changes`
  ADD PRIMARY KEY (`id`),
  ADD KEY `requirment_changes_requirement_id_foreign` (`requirement_id`),
  ADD KEY `requirment_changes_requirement_type_id_foreign` (`requirement_type_id`),
  ADD KEY `requirment_changes_unit_id_foreign` (`unit_id`);

--
-- Indexes for table `roles`
--
ALTER TABLE `roles`
  ADD PRIMARY KEY (`id`);

--
-- Indexes for table `settings`
--
ALTER TABLE `settings`
  ADD PRIMARY KEY (`id`);

--
-- Indexes for table `stocks`
--
ALTER TABLE `stocks`
  ADD PRIMARY KEY (`id`),
  ADD KEY `stocks_ingredient_id_foreign` (`ingredient_id`),
  ADD KEY `stocks_unit_id_foreign` (`unit_id`),
  ADD KEY `stocks_created_at_idx` (`created_at`),
  ADD KEY `stocks_ingredient_created_idx` (`ingredient_id`,`created_at`);

--
-- Indexes for table `suppliers`
--
ALTER TABLE `suppliers`
  ADD PRIMARY KEY (`id`);

--
-- Indexes for table `units`
--
ALTER TABLE `units`
  ADD PRIMARY KEY (`id`);

--
-- Indexes for table `users`
--
ALTER TABLE `users`
  ADD PRIMARY KEY (`id`),
  ADD UNIQUE KEY `users_email_unique` (`email`),
  ADD KEY `users_role_id_foreign` (`role_id`);

--
-- Indexes for table `websockets_statistics_entries`
--
ALTER TABLE `websockets_statistics_entries`
  ADD PRIMARY KEY (`id`);

--
-- AUTO_INCREMENT for dumped tables
--

--
-- AUTO_INCREMENT for table `advances`
--
ALTER TABLE `advances`
  MODIFY `id` bigint(20) UNSIGNED NOT NULL AUTO_INCREMENT, AUTO_INCREMENT=17;

--
-- AUTO_INCREMENT for table `attendances`
--
ALTER TABLE `attendances`
  MODIFY `id` bigint(20) UNSIGNED NOT NULL AUTO_INCREMENT, AUTO_INCREMENT=12;

--
-- AUTO_INCREMENT for table `daily_consumptions`
--
ALTER TABLE `daily_consumptions`
  MODIFY `id` bigint(20) UNSIGNED NOT NULL AUTO_INCREMENT, AUTO_INCREMENT=11;

--
-- AUTO_INCREMENT for table `daily_expenses`
--
ALTER TABLE `daily_expenses`
  MODIFY `id` bigint(20) UNSIGNED NOT NULL AUTO_INCREMENT, AUTO_INCREMENT=3;

--
-- AUTO_INCREMENT for table `employees`
--
ALTER TABLE `employees`
  MODIFY `id` bigint(20) UNSIGNED NOT NULL AUTO_INCREMENT, AUTO_INCREMENT=4;

--
-- AUTO_INCREMENT for table `expense_changes`
--
ALTER TABLE `expense_changes`
  MODIFY `id` bigint(20) UNSIGNED NOT NULL AUTO_INCREMENT, AUTO_INCREMENT=4;

--
-- AUTO_INCREMENT for table `expense_types`
--
ALTER TABLE `expense_types`
  MODIFY `id` bigint(20) UNSIGNED NOT NULL AUTO_INCREMENT, AUTO_INCREMENT=2;

--
-- AUTO_INCREMENT for table `failed_jobs`
--
ALTER TABLE `failed_jobs`
  MODIFY `id` bigint(20) UNSIGNED NOT NULL AUTO_INCREMENT;

--
-- AUTO_INCREMENT for table `ingredients`
--
ALTER TABLE `ingredients`
  MODIFY `id` bigint(20) UNSIGNED NOT NULL AUTO_INCREMENT, AUTO_INCREMENT=6;

--
-- AUTO_INCREMENT for table `items`
--
ALTER TABLE `items`
  MODIFY `id` bigint(20) UNSIGNED NOT NULL AUTO_INCREMENT, AUTO_INCREMENT=11;

--
-- AUTO_INCREMENT for table `item_types`
--
ALTER TABLE `item_types`
  MODIFY `id` bigint(20) UNSIGNED NOT NULL AUTO_INCREMENT, AUTO_INCREMENT=6;

--
-- AUTO_INCREMENT for table `migrations`
--
ALTER TABLE `migrations`
  MODIFY `id` int(10) UNSIGNED NOT NULL AUTO_INCREMENT, AUTO_INCREMENT=50;

--
-- AUTO_INCREMENT for table `orders`
--
ALTER TABLE `orders`
  MODIFY `id` bigint(20) UNSIGNED NOT NULL AUTO_INCREMENT, AUTO_INCREMENT=171;

--
-- AUTO_INCREMENT for table `order_details`
--
ALTER TABLE `order_details`
  MODIFY `id` bigint(20) UNSIGNED NOT NULL AUTO_INCREMENT, AUTO_INCREMENT=516;

--
-- AUTO_INCREMENT for table `order_types`
--
ALTER TABLE `order_types`
  MODIFY `id` bigint(20) UNSIGNED NOT NULL AUTO_INCREMENT, AUTO_INCREMENT=3;

--
-- AUTO_INCREMENT for table `payments`
--
ALTER TABLE `payments`
  MODIFY `id` bigint(20) UNSIGNED NOT NULL AUTO_INCREMENT, AUTO_INCREMENT=3;

--
-- AUTO_INCREMENT for table `personal_access_tokens`
--
ALTER TABLE `personal_access_tokens`
  MODIFY `id` bigint(20) UNSIGNED NOT NULL AUTO_INCREMENT;

--
-- AUTO_INCREMENT for table `purchase_items`
--
ALTER TABLE `purchase_items`
  MODIFY `id` bigint(20) UNSIGNED NOT NULL AUTO_INCREMENT, AUTO_INCREMENT=10;

--
-- AUTO_INCREMENT for table `purchase_orders`
--
ALTER TABLE `purchase_orders`
  MODIFY `id` bigint(20) UNSIGNED NOT NULL AUTO_INCREMENT, AUTO_INCREMENT=7;

--
-- AUTO_INCREMENT for table `requirements`
--
ALTER TABLE `requirements`
  MODIFY `id` bigint(20) UNSIGNED NOT NULL AUTO_INCREMENT, AUTO_INCREMENT=8;

--
-- AUTO_INCREMENT for table `requirement_types`
--
ALTER TABLE `requirement_types`
  MODIFY `id` bigint(20) UNSIGNED NOT NULL AUTO_INCREMENT, AUTO_INCREMENT=2;

--
-- AUTO_INCREMENT for table `requirment_changes`
--
ALTER TABLE `requirment_changes`
  MODIFY `id` bigint(20) UNSIGNED NOT NULL AUTO_INCREMENT, AUTO_INCREMENT=4;

--
-- AUTO_INCREMENT for table `roles`
--
ALTER TABLE `roles`
  MODIFY `id` bigint(20) UNSIGNED NOT NULL AUTO_INCREMENT, AUTO_INCREMENT=4;

--
-- AUTO_INCREMENT for table `settings`
--
ALTER TABLE `settings`
  MODIFY `id` bigint(20) UNSIGNED NOT NULL AUTO_INCREMENT, AUTO_INCREMENT=2;

--
-- AUTO_INCREMENT for table `stocks`
--
ALTER TABLE `stocks`
  MODIFY `id` bigint(20) UNSIGNED NOT NULL AUTO_INCREMENT, AUTO_INCREMENT=5;

--
-- AUTO_INCREMENT for table `suppliers`
--
ALTER TABLE `suppliers`
  MODIFY `id` bigint(20) UNSIGNED NOT NULL AUTO_INCREMENT, AUTO_INCREMENT=2;

--
-- AUTO_INCREMENT for table `units`
--
ALTER TABLE `units`
  MODIFY `id` bigint(20) UNSIGNED NOT NULL AUTO_INCREMENT, AUTO_INCREMENT=5;

--
-- AUTO_INCREMENT for table `users`
--
ALTER TABLE `users`
  MODIFY `id` bigint(20) UNSIGNED NOT NULL AUTO_INCREMENT, AUTO_INCREMENT=6;

--
-- AUTO_INCREMENT for table `websockets_statistics_entries`
--
ALTER TABLE `websockets_statistics_entries`
  MODIFY `id` int(10) UNSIGNED NOT NULL AUTO_INCREMENT;

--
-- Constraints for dumped tables
--

--
-- Constraints for table `advances`
--
ALTER TABLE `advances`
  ADD CONSTRAINT `advances_employee_id_foreign` FOREIGN KEY (`employee_id`) REFERENCES `employees` (`id`) ON DELETE CASCADE;

--
-- Constraints for table `attendances`
--
ALTER TABLE `attendances`
  ADD CONSTRAINT `attendances_employee_id_foreign` FOREIGN KEY (`employee_id`) REFERENCES `employees` (`id`) ON DELETE CASCADE;

--
-- Constraints for table `daily_consumptions`
--
ALTER TABLE `daily_consumptions`
  ADD CONSTRAINT `daily_consumptions_stock_id_foreign` FOREIGN KEY (`stock_id`) REFERENCES `stocks` (`id`) ON DELETE CASCADE;

--
-- Constraints for table `daily_expenses`
--
ALTER TABLE `daily_expenses`
  ADD CONSTRAINT `daily_expenses_expense_type_id_foreign` FOREIGN KEY (`expense_type_id`) REFERENCES `expense_types` (`id`) ON DELETE CASCADE,
  ADD CONSTRAINT `daily_expenses_user_id_foreign` FOREIGN KEY (`user_id`) REFERENCES `users` (`id`) ON DELETE CASCADE;

--
-- Constraints for table `expense_changes`
--
ALTER TABLE `expense_changes`
  ADD CONSTRAINT `expense_changes_daily_expense_id_foreign` FOREIGN KEY (`daily_expense_id`) REFERENCES `daily_expenses` (`id`) ON DELETE CASCADE,
  ADD CONSTRAINT `expense_changes_expense_type_id_foreign` FOREIGN KEY (`expense_type_id`) REFERENCES `expense_types` (`id`) ON DELETE CASCADE,
  ADD CONSTRAINT `expense_changes_user_id_foreign` FOREIGN KEY (`user_id`) REFERENCES `users` (`id`) ON DELETE CASCADE;

--
-- Constraints for table `items`
--
ALTER TABLE `items`
  ADD CONSTRAINT `items_ingredient_id_foreign` FOREIGN KEY (`ingredient_id`) REFERENCES `ingredients` (`id`) ON DELETE CASCADE,
  ADD CONSTRAINT `items_item_type_id_foreign` FOREIGN KEY (`item_type_id`) REFERENCES `item_types` (`id`) ON DELETE CASCADE;

--
-- Constraints for table `orders`
--
ALTER TABLE `orders`
  ADD CONSTRAINT `orders_order_type_id_foreign` FOREIGN KEY (`order_type_id`) REFERENCES `order_types` (`id`) ON DELETE CASCADE,
  ADD CONSTRAINT `orders_payment_id_foreign` FOREIGN KEY (`payment_id`) REFERENCES `payments` (`id`) ON DELETE CASCADE,
  ADD CONSTRAINT `orders_user_id_foreign` FOREIGN KEY (`user_id`) REFERENCES `users` (`id`) ON DELETE CASCADE;

--
-- Constraints for table `order_details`
--
ALTER TABLE `order_details`
  ADD CONSTRAINT `order_details_item_id_foreign` FOREIGN KEY (`item_id`) REFERENCES `items` (`id`) ON DELETE CASCADE,
  ADD CONSTRAINT `order_details_order_id_foreign` FOREIGN KEY (`order_id`) REFERENCES `orders` (`id`) ON DELETE CASCADE;

--
-- Constraints for table `purchase_items`
--
ALTER TABLE `purchase_items`
  ADD CONSTRAINT `purchase_items_ingredient_id_foreign` FOREIGN KEY (`ingredient_id`) REFERENCES `ingredients` (`id`) ON DELETE CASCADE,
  ADD CONSTRAINT `purchase_items_purchase_id_foreign` FOREIGN KEY (`purchase_id`) REFERENCES `purchase_orders` (`id`) ON DELETE CASCADE,
  ADD CONSTRAINT `purchase_items_stock_id_foreign` FOREIGN KEY (`stock_id`) REFERENCES `stocks` (`id`) ON DELETE CASCADE,
  ADD CONSTRAINT `purchase_items_unit_id_foreign` FOREIGN KEY (`unit_id`) REFERENCES `units` (`id`) ON DELETE CASCADE;

--
-- Constraints for table `purchase_orders`
--
ALTER TABLE `purchase_orders`
  ADD CONSTRAINT `purchase_orders_supplier_id_foreign` FOREIGN KEY (`supplier_id`) REFERENCES `suppliers` (`id`) ON DELETE CASCADE,
  ADD CONSTRAINT `purchase_orders_user_id_foreign` FOREIGN KEY (`user_id`) REFERENCES `users` (`id`) ON DELETE CASCADE;

--
-- Constraints for table `requirements`
--
ALTER TABLE `requirements`
  ADD CONSTRAINT `requirements_requirement_type_id_foreign` FOREIGN KEY (`requirement_type_id`) REFERENCES `requirement_types` (`id`) ON DELETE CASCADE,
  ADD CONSTRAINT `requirements_unit_id_foreign` FOREIGN KEY (`unit_id`) REFERENCES `units` (`id`) ON DELETE CASCADE;

--
-- Constraints for table `requirment_changes`
--
ALTER TABLE `requirment_changes`
  ADD CONSTRAINT `requirment_changes_requirement_id_foreign` FOREIGN KEY (`requirement_id`) REFERENCES `requirements` (`id`) ON DELETE CASCADE,
  ADD CONSTRAINT `requirment_changes_requirement_type_id_foreign` FOREIGN KEY (`requirement_type_id`) REFERENCES `requirement_types` (`id`) ON DELETE CASCADE,
  ADD CONSTRAINT `requirment_changes_unit_id_foreign` FOREIGN KEY (`unit_id`) REFERENCES `units` (`id`) ON DELETE CASCADE;

--
-- Constraints for table `stocks`
--
ALTER TABLE `stocks`
  ADD CONSTRAINT `stocks_ingredient_id_foreign` FOREIGN KEY (`ingredient_id`) REFERENCES `ingredients` (`id`) ON DELETE CASCADE,
  ADD CONSTRAINT `stocks_unit_id_foreign` FOREIGN KEY (`unit_id`) REFERENCES `units` (`id`) ON DELETE CASCADE;

--
-- Constraints for table `users`
--
ALTER TABLE `users`
  ADD CONSTRAINT `users_role_id_foreign` FOREIGN KEY (`role_id`) REFERENCES `roles` (`id`) ON DELETE CASCADE;
COMMIT;

/*!40101 SET CHARACTER_SET_CLIENT=@OLD_CHARACTER_SET_CLIENT */;
/*!40101 SET CHARACTER_SET_RESULTS=@OLD_CHARACTER_SET_RESULTS */;
/*!40101 SET COLLATION_CONNECTION=@OLD_COLLATION_CONNECTION */;
